240465764967141376	NOT_SARCASM
241501498293485568	NOT_SARCASM
241241844636336128	NOT_SARCASM
241491298056552449	NOT_SARCASM
240390415482765312	SARCASM
241528903594823680	NOT_SARCASM
240412611764707328	SARCASM
240301645462904832	SARCASM
241244122944503809	NOT_SARCASM
241506428135800833	SARCASM
240435791472517120	SARCASM
241542090457247745	NOT_SARCASM
241328797549461505	NOT_SARCASM
240299877618286592	NOT_SARCASM
240239983967993856	SARCASM
241516740109012992	NOT_SARCASM
240218875663351808	NOT_SARCASM
241499088695201792	NOT_SARCASM
240552787107266560	NOT_SARCASM
241277064995545088	NOT_SARCASM
241532788577275904	SARCASM
240486509986336768	NOT_SARCASM
241560759337893888	NOT_SARCASM
241464615312175105	NOT_SARCASM
240159262280671232	SARCASM
240418081388773376	NOT_SARCASM
241296530747817984	NOT_SARCASM
240373197692874753	NOT_SARCASM
240415897808936960	NOT_SARCASM
241277064970399745	NOT_SARCASM
240268586537607168	NOT_SARCASM
240201788035317760	NOT_SARCASM
240362681549348865	NOT_SARCASM
240295501365387264	NOT_SARCASM
240357442851045376	NOT_SARCASM
240464605518913536	NOT_SARCASM
241542094689292289	NOT_SARCASM
240493543825760256	NOT_SARCASM
240544592691343361	NOT_SARCASM
241575426818981888	NOT_SARCASM
240357409325977600	NOT_SARCASM
240388946280980480	NOT_SARCASM
240577970979348480	NOT_SARCASM
240151079604584448	SARCASM
241415045333004289	SARCASM
240181644441579520	NOT_SARCASM
241394436662259712	NOT_SARCASM
241494546125574144	NOT_SARCASM
240401151688851458	NOT_SARCASM
241489183884050432	NOT_SARCASM
240493543838330880	NOT_SARCASM
241334333930086400	SARCASM
240398145987702784	NOT_SARCASM
240427066607144962	SARCASM
241240630393724928	NOT_SARCASM
240403267513888768	SARCASM
240277331644665856	NOT_SARCASM
240385112779407360	SARCASM
241313509311385601	NOT_SARCASM
241489955891843073	NOT_SARCASM
240454968816062464	NOT_SARCASM
240500447675297792	NOT_SARCASM
241248998604808192	SARCASM
241491838505189376	NOT_SARCASM
240412216275394561	SARCASM
240445203742326785	NOT_SARCASM
240268578148974592	NOT_SARCASM
240234864320868352	NOT_SARCASM
240442649235042304	NOT_SARCASM
240418222518706176	NOT_SARCASM
240165734196576257	SARCASM
241509306816684032	NOT_SARCASM
240463972770381824	NOT_SARCASM
240403581579194370	SARCASM
241287596876115968	NOT_SARCASM
240143361380597760	NOT_SARCASM
240570236699549696	NOT_SARCASM
240433276265840641	SARCASM
241406416403968000	NOT_SARCASM
240400699110875136	SARCASM
240405596501835776	NOT_SARCASM
241475461287395328	SARCASM
240438451634311169	NOT_SARCASM
240451541901905921	NOT_SARCASM
240218871469076480	NOT_SARCASM
241560759325319169	NOT_SARCASM
240415173855309824	NOT_SARCASM
240374316536066048	NOT_SARCASM
241243368477310976	NOT_SARCASM
240461004423700481	NOT_SARCASM
241461010278526976	SARCASM
241575422612090880	NOT_SARCASM
240500451865399296	NOT_SARCASM
241501871280381953	NOT_SARCASM
241255133151911936	NOT_SARCASM
240373629043499008	NOT_SARCASM
241236988433420288	NOT_SARCASM
240454968816070656	NOT_SARCASM
241432686265249792	NOT_SARCASM
240460829068251136	NOT_SARCASM
241522515669811201	NOT_SARCASM
241378013508403200	NOT_SARCASM
241378013508431872	NOT_SARCASM
241542086283915264	NOT_SARCASM
241486914409099265	NOT_SARCASM
240427642942263296	NOT_SARCASM
240472068045561856	NOT_SARCASM
240177450099802114	SARCASM
240277327458758656	NOT_SARCASM
240577979367972864	NOT_SARCASM
240563867095273472	NOT_SARCASM
240295518167789568	NOT_SARCASM
240547311959277568	NOT_SARCASM
241540701689610240	SARCASM
240493556421238784	NOT_SARCASM
240551929376288769	NOT_SARCASM
240252837970444288	NOT_SARCASM
240319058485071873	NOT_SARCASM
241423494905217024	SARCASM
240443564490895360	NOT_SARCASM
240160205202137088	NOT_SARCASM
240419390473003008	NOT_SARCASM
240508668494348288	NOT_SARCASM
240470449975357440	NOT_SARCASM
241245707846164480	NOT_SARCASM
241477367434973184	SARCASM
240301598990016512	NOT_SARCASM
241287592706994176	NOT_SARCASM
240550315286466560	SARCASM
240517342315040769	NOT_SARCASM
240434905362878465	SARCASM
241313505096105985	NOT_SARCASM
240447769179996162	NOT_SARCASM
240407300681109504	SARCASM
241487787386363904	NOT_SARCASM
241336357061001216	NOT_SARCASM
241440101769543680	NOT_SARCASM
240313100673355776	NOT_SARCASM
241343636388847616	SARCASM
240313104892825601	NOT_SARCASM
240449105195843584	NOT_SARCASM
241244127126224898	NOT_SARCASM
241417339302715392	NOT_SARCASM
241466036136861696	NOT_SARCASM
241560755110031360	NOT_SARCASM
240362681540935681	NOT_SARCASM
241326028763566081	NOT_SARCASM
240557368042192896	NOT_SARCASM
240259673654190080	NOT_SARCASM
241403578428837889	NOT_SARCASM
241432728174735361	NOT_SARCASM
240188138989948930	NOT_SARCASM
240240015018434560	SARCASM
240409153875636224	NOT_SARCASM
240330494456258560	NOT_SARCASM
241386427278061568	NOT_SARCASM
241542086288105472	NOT_SARCASM
240401151697235968	NOT_SARCASM
240239372904046592	SARCASM
241248130111266817	NOT_SARCASM
241516744282353664	NOT_SARCASM
240362677371801601	NOT_SARCASM
241477573685686273	NOT_SARCASM
240368742331187200	NOT_SARCASM
240558993473429504	SARCASM
240449105170673666	NOT_SARCASM
240547086129565696	NOT_SARCASM
241329974433423360	NOT_SARCASM
241467037581459456	NOT_SARCASM
240383577576054784	NOT_SARCASM
240486505779445761	NOT_SARCASM
241547290026852353	NOT_SARCASM
241548373541400578	NOT_SARCASM
240174996939489281	SARCASM
240544596906631168	NOT_SARCASM
240193223295913984	NOT_SARCASM
241501517729918976	NOT_SARCASM
240309424823099392	NOT_SARCASM
241277085950279680	NOT_SARCASM
240351251555045376	SARCASM
240394702900310017	NOT_SARCASM
240149465472843776	SARCASM
241491838501023744	NOT_SARCASM
241349284761571328	NOT_SARCASM
240596149088690177	NOT_SARCASM
240277331674021889	NOT_SARCASM
241495313913872384	SARCASM
241455348983148545	SARCASM
241305431077707777	NOT_SARCASM
241588412350623746	NOT_SARCASM
241506459874115584	NOT_SARCASM
240479487551217665	NOT_SARCASM
240427020121698304	SARCASM
240243018056204288	NOT_SARCASM
241434197821104128	NOT_SARCASM
241548377727320065	NOT_SARCASM
241507586652901376	NOT_SARCASM
240300742609608704	NOT_SARCASM
240551408586346496	SARCASM
241560759308517378	NOT_SARCASM
241264141279563776	NOT_SARCASM
241346988006858752	NOT_SARCASM
240427659727884288	NOT_SARCASM
240397633926082560	NOT_SARCASM
241528899383750657	NOT_SARCASM
241251785916944384	NOT_SARCASM
240482276536889344	NOT_SARCASM
240248083022229506	NOT_SARCASM
241275422220898305	SARCASM
241251777532530688	NOT_SARCASM
240322542060052480	NOT_SARCASM
240150221567451136	NOT_SARCASM
240277327462932482	NOT_SARCASM
241521023009304576	NOT_SARCASM
240143039371292672	SARCASM
241277077553295363	NOT_SARCASM
240159337513897984	NOT_SARCASM
240557009957687296	NOT_SARCASM
240383485200699393	NOT_SARCASM
240465764958744577	NOT_SARCASM
241349081690161153	SARCASM
241486914425864192	NOT_SARCASM
241439054846103553	NOT_SARCASM
240182060965326850	SARCASM
240151779369709568	NOT_SARCASM
240443560317575168	NOT_SARCASM
241497556574679040	NOT_SARCASM
241296526574485504	NOT_SARCASM
240444474994618369	SARCASM
240449105183244288	NOT_SARCASM
240417999440453632	NOT_SARCASM
240596149101289475	NOT_SARCASM
241287601087209474	NOT_SARCASM
241336590545321985	NOT_SARCASM
240245129997344769	NOT_SARCASM
241455081386565633	NOT_SARCASM
241446972035305472	NOT_SARCASM
241344404546277376	NOT_SARCASM
241327356957048833	NOT_SARCASM
241432715621171200	NOT_SARCASM
240449096777875457	NOT_SARCASM
241548369334513664	NOT_SARCASM
241550169634664448	SARCASM
240295501403144192	NOT_SARCASM
240250728646598656	SARCASM
240435132765454337	SARCASM
240251951919554560	NOT_SARCASM
241463201483608064	NOT_SARCASM
240561244103376896	NOT_SARCASM
241287596888715265	NOT_SARCASM
240346034369351680	NOT_SARCASM
240142127567364097	SARCASM
241554887303905282	NOT_SARCASM
240482284430557184	NOT_SARCASM
241487141278973953	NOT_SARCASM
240295497179475969	NOT_SARCASM
241485874230083584	SARCASM
240394168529195008	SARCASM
241523093829451776	NOT_SARCASM
241560750928306176	NOT_SARCASM
241540451415490560	NOT_SARCASM
240151800328622080	NOT_SARCASM
241452076528435200	NOT_SARCASM
240577983566446592	NOT_SARCASM
240432663494795265	NOT_SARCASM
240394324628619264	NOT_SARCASM
241452068144041984	NOT_SARCASM
241256140741177345	NOT_SARCASM
240315402406752256	SARCASM
241546907321790464	NOT_SARCASM
241575426814783488	NOT_SARCASM
241328776556998656	NOT_SARCASM
240527115047538688	NOT_SARCASM
241256284383481856	NOT_SARCASM
241437812791050240	NOT_SARCASM
241533647100973058	NOT_SARCASM
240461008609632256	NOT_SARCASM
240304196191137793	NOT_SARCASM
241546241295663106	SARCASM
240418226704613378	NOT_SARCASM
241420698910875649	NOT_SARCASM
240553904746688512	SARCASM
240243018077200385	NOT_SARCASM
240452486404648960	NOT_SARCASM
240362685743632384	NOT_SARCASM
240153535562522625	NOT_SARCASM
240314807214022656	SARCASM
241256746914549760	NOT_SARCASM
240408503393603585	NOT_SARCASM
240140336050081795	NOT_SARCASM
240374903419854848	NOT_SARCASM
240395277670957056	NOT_SARCASM
241588424967069697	NOT_SARCASM
240434905908129792	SARCASM
241588412350603264	NOT_SARCASM
240193214907314176	NOT_SARCASM
241236992598347776	NOT_SARCASM
240154914288979968	NOT_SARCASM
240295518142595072	NOT_SARCASM
241488207601078272	NOT_SARCASM
240417531364528129	SARCASM
240243018064601089	NOT_SARCASM
240577970970976257	NOT_SARCASM
240412212102066176	NOT_SARCASM
240152665751945216	NOT_SARCASM
240151779352915968	NOT_SARCASM
241506459878293504	NOT_SARCASM
240247479407370240	NOT_SARCASM
240383611113730048	NOT_SARCASM
240377130473627648	NOT_SARCASM
241548767629811712	NOT_SARCASM
241328784970747905	NOT_SARCASM
240259665240408065	NOT_SARCASM
241313492517392384	NOT_SARCASM
241459106857222144	NOT_SARCASM
240351396229165056	NOT_SARCASM
240454973010345984	NOT_SARCASM
241542086292303872	NOT_SARCASM
241261363077455873	NOT_SARCASM
241588412388356096	NOT_SARCASM
240227226518441985	NOT_SARCASM
240388937909170176	NOT_SARCASM
241464711965716481	SARCASM
240445258746441729	NOT_SARCASM
240439136274771969	SARCASM
241540337359785984	SARCASM
240563718390415360	NOT_SARCASM
240473075626414081	NOT_SARCASM
241475421454098433	SARCASM
240218875654971393	NOT_SARCASM
240362685764608000	NOT_SARCASM
240361425011372032	NOT_SARCASM
241268072462303233	NOT_SARCASM
240218867253796864	NOT_SARCASM
241481662054162432	NOT_SARCASM
241560763536396289	NOT_SARCASM
240432655135559680	NOT_SARCASM
241517463760666625	NOT_SARCASM
241394342789533696	NOT_SARCASM
241254379167047680	SARCASM
240234872709468160	NOT_SARCASM
240412203705044992	NOT_SARCASM
241486931198869504	NOT_SARCASM
241512979479269376	NOT_SARCASM
241369461293207552	NOT_SARCASM
240239404596224000	SARCASM
240438451634323456	NOT_SARCASM
241516748485033985	NOT_SARCASM
240446643709808640	SARCASM
240357442872016896	NOT_SARCASM
240295505568088065	NOT_SARCASM
241516752696135680	NOT_SARCASM
241250733599645697	NOT_SARCASM
241452063941332992	NOT_SARCASM
240201788035317761	NOT_SARCASM
240250555912560640	NOT_SARCASM
240551373119311872	NOT_SARCASM
240142789743112192	NOT_SARCASM
241452076532637696	NOT_SARCASM
240167910662868992	NOT_SARCASM
240248451739287552	NOT_SARCASM
241560755122618368	NOT_SARCASM
241251115923021824	NOT_SARCASM
241528886792445952	NOT_SARCASM
240145659691413505	SARCASM
241296530752024578	NOT_SARCASM
240149674827317248	NOT_SARCASM
240435667761516544	NOT_SARCASM
240406723570044928	SARCASM
240332519617216512	NOT_SARCASM
240448753885147136	SARCASM
240243034829254656	NOT_SARCASM
240546354143825920	SARCASM
240418222543884288	NOT_SARCASM
241268747678138368	NOT_SARCASM
240304179413909505	NOT_SARCASM
240268578161577984	NOT_SARCASM
240412207882584064	NOT_SARCASM
241330564358086657	NOT_SARCASM
241241571079618560	NOT_SARCASM
241260394247766016	NOT_SARCASM
241461023033409537	NOT_SARCASM
240586397352865793	NOT_SARCASM
241457675907518464	NOT_SARCASM
241296522363408384	NOT_SARCASM
240455972559147008	NOT_SARCASM
240561227321970689	NOT_SARCASM
240218879828299776	NOT_SARCASM
240408859104129024	NOT_SARCASM
241328180399587328	NOT_SARCASM
241575426814779392	NOT_SARCASM
240557110541299713	SARCASM
241328793346768896	NOT_SARCASM
240508664300060672	NOT_SARCASM
240299671111745536	NOT_SARCASM
240460991828205568	NOT_SARCASM
240407885627150336	NOT_SARCASM
240251943518339072	NOT_SARCASM
241336860205535232	SARCASM
241554689567637504	NOT_SARCASM
240304200360271872	NOT_SARCASM
240139865193316352	NOT_SARCASM
241401698726322176	NOT_SARCASM
240432659329859584	NOT_SARCASM
240559770652794880	NOT_SARCASM
240313104888651776	NOT_SARCASM
240234860126547968	NOT_SARCASM
241406172110917633	NOT_SARCASM
241394220294881281	NOT_SARCASM
240427642917105664	NOT_SARCASM
241462575022350338	NOT_SARCASM
240550862131429376	NOT_SARCASM
240517346517729280	NOT_SARCASM
241580606780235776	NOT_SARCASM
240465764958740480	NOT_SARCASM
240596153291378688	NOT_SARCASM
241501875495649280	NOT_SARCASM
241432719786115073	NOT_SARCASM
241342185042223104	SARCASM
240243034825048065	NOT_SARCASM
241236980028043264	NOT_SARCASM
241401463312642048	SARCASM
241425300070727680	NOT_SARCASM
240257962675933184	SARCASM
241528890986729472	NOT_SARCASM
241471079485427712	NOT_SARCASM
241401702916444160	NOT_SARCASM
240378033721200640	SARCASM
240306675662340097	NOT_SARCASM
241480174514868224	NOT_SARCASM
241328780751278080	NOT_SARCASM
241305431052537857	NOT_SARCASM
240175137440292866	NOT_SARCASM
240286403936804864	NOT_SARCASM
240374320726163457	NOT_SARCASM
240428137194876928	SARCASM
241528891007709184	NOT_SARCASM
241401690350313473	NOT_SARCASM
241575443562635265	NOT_SARCASM
240362598539853824	NOT_SARCASM
241369457128259584	NOT_SARCASM
241251777545125888	NOT_SARCASM
240443560334336000	NOT_SARCASM
241313496724291584	NOT_SARCASM
241546824941445120	NOT_SARCASM
241465949067304961	NOT_SARCASM
241287601087209476	NOT_SARCASM
241254401782722560	SARCASM
240564395749560321	SARCASM
240159345877319682	NOT_SARCASM
240318100942254080	NOT_SARCASM
240558507643002880	SARCASM
241474492294123520	SARCASM
240177617054076928	SARCASM
240410546569101313	NOT_SARCASM
241276594486902786	NOT_SARCASM
240436374287814658	NOT_SARCASM
240322550436073473	NOT_SARCASM
241506455679807488	NOT_SARCASM
240460996043493376	NOT_SARCASM
241269389410856960	SARCASM
240227226497449985	NOT_SARCASM
240277335847350273	NOT_SARCASM
241343600359776256	NOT_SARCASM
240527102452060160	NOT_SARCASM
241580606780215297	NOT_SARCASM
241548369368084480	NOT_SARCASM
241493976761368576	SARCASM
240176621271781376	NOT_SARCASM
240286403953573889	NOT_SARCASM
240388950458527744	NOT_SARCASM
240309430359556097	NOT_SARCASM
240577970975174656	NOT_SARCASM
240227226493255680	NOT_SARCASM
240388933719052288	NOT_SARCASM
240383585973071872	NOT_SARCASM
240443291110354945	NOT_SARCASM
241467025023700992	NOT_SARCASM
240330507039170560	NOT_SARCASM
240313100690141185	NOT_SARCASM
241575426802216960	NOT_SARCASM
241497282741141504	NOT_SARCASM
241490490376192000	SARCASM
241552060108115969	NOT_SARCASM
241497286906085376	NOT_SARCASM
240454968824455169	NOT_SARCASM
240321786942746624	SARCASM
241260342284533760	NOT_SARCASM
240508676887162880	NOT_SARCASM
241418793857982464	NOT_SARCASM
240210944217710592	NOT_SARCASM
241462688096612352	NOT_SARCASM
241554878923698176	NOT_SARCASM
241532072865460224	SARCASM
240553008914653184	SARCASM
241481728554852352	SARCASM
241446984626626561	NOT_SARCASM
240402255801618432	SARCASM
240425321499856897	NOT_SARCASM
241548369351282688	NOT_SARCASM
241510809367351296	NOT_SARCASM
241438186172194817	NOT_SARCASM
240417119907495936	SARCASM
241452089098776577	NOT_SARCASM
241532685716168704	NOT_SARCASM
240259682017615872	NOT_SARCASM
240184636213456897	NOT_SARCASM
240473071440510977	NOT_SARCASM
240234868540321793	NOT_SARCASM
241344412913897472	NOT_SARCASM
241240083645210624	NOT_SARCASM
241501871280361474	NOT_SARCASM
241548373537222657	NOT_SARCASM
241425300079144960	NOT_SARCASM
240259673624817664	NOT_SARCASM
240388937904963584	NOT_SARCASM
240313092288962560	NOT_SARCASM
240187101897977858	SARCASM
240162083390513156	NOT_SARCASM
241442072106782721	SARCASM
241240617567518720	NOT_SARCASM
241444088757501952	NOT_SARCASM
241481751237652480	NOT_SARCASM
240366303339241472	SARCASM
240486505800413184	NOT_SARCASM
240346030145679360	NOT_SARCASM
240268582334894081	NOT_SARCASM
241486922776719360	NOT_SARCASM
240175212904206336	SARCASM
240379740681281536	NOT_SARCASM
241517715322437632	NOT_SARCASM
241296526557736960	NOT_SARCASM
240563807603286016	SARCASM
241588424954478592	NOT_SARCASM
241501698294697985	NOT_SARCASM
240472193228738560	NOT_SARCASM
240210948420427776	NOT_SARCASM
240295497192054784	NOT_SARCASM
240300378724388865	NOT_SARCASM
240428963552452609	NOT_SARCASM
241471005145563137	NOT_SARCASM
240449101009940480	NOT_SARCASM
240454236251504640	NOT_SARCASM
241334977579581441	SARCASM
241501862891761664	NOT_SARCASM
240422963004989440	SARCASM
240478821025984512	NOT_SARCASM
241344412934877184	NOT_SARCASM
240255071915483136	NOT_SARCASM
240406512760152064	NOT_SARCASM
241557829708812288	NOT_SARCASM
240570236674387968	NOT_SARCASM
241276156744196096	NOT_SARCASM
241251773325656065	NOT_SARCASM
240457908100427776	SARCASM
240338410382974977	NOT_SARCASM
240449096811438080	NOT_SARCASM
241260342318075904	NOT_SARCASM
240330498658934784	NOT_SARCASM
240544601084141568	NOT_SARCASM
241440089190838272	NOT_SARCASM
241477573702475776	NOT_SARCASM
241236996805242880	NOT_SARCASM
240201783874551808	NOT_SARCASM
241378017706917888	NOT_SARCASM
240352980329713664	NOT_SARCASM
241328776569561088	NOT_SARCASM
240286403953565696	NOT_SARCASM
241277077578477568	NOT_SARCASM
240471239695683584	NOT_SARCASM
241360619700379649	NOT_SARCASM
241491842712084481	NOT_SARCASM
240386495393959936	NOT_SARCASM
241432711418507264	NOT_SARCASM
240527115034955776	NOT_SARCASM
241457865481662464	SARCASM
241554883109605376	NOT_SARCASM
241401690358677504	NOT_SARCASM
240577966789255168	NOT_SARCASM
240139719680335872	NOT_SARCASM
240298303273705472	NOT_SARCASM
240357405135880192	NOT_SARCASM
240234860126547969	NOT_SARCASM
241386427269648384	NOT_SARCASM
241425300074938368	NOT_SARCASM
240249994186207232	NOT_SARCASM
240432663503179776	NOT_SARCASM
240321230337634304	NOT_SARCASM
240369054345490433	SARCASM
241532019853623297	NOT_SARCASM
240517329732128768	NOT_SARCASM
241467050189549568	NOT_SARCASM
240527098287124480	NOT_SARCASM
240561244090814464	NOT_SARCASM
241446997230510081	NOT_SARCASM
241459764859662336	NOT_SARCASM
240412212068495360	NOT_SARCASM
240392458519863296	NOT_SARCASM
241241446244569090	NOT_SARCASM
241456321537396737	SARCASM
241237567842959361	NOT_SARCASM
241513334724243456	NOT_SARCASM
241520195280203779	NOT_SARCASM
240149800987787264	SARCASM
241472033622482944	NOT_SARCASM
241237580979519489	NOT_SARCASM
240234881106456576	NOT_SARCASM
240268578148995074	NOT_SARCASM
240151168431554560	NOT_SARCASM
240446459374362626	SARCASM
240295513969262593	NOT_SARCASM
241467608375894016	SARCASM
241489892369129475	SARCASM
241522853168685056	SARCASM
241330436326977539	SARCASM
241436756254277632	NOT_SARCASM
240443556127457280	SARCASM
240391429778718720	NOT_SARCASM
240175141634584576	NOT_SARCASM
240383585952092161	NOT_SARCASM
241507880740741121	NOT_SARCASM
240329801993441280	NOT_SARCASM
240388933702262784	NOT_SARCASM
241497278525886464	NOT_SARCASM
240234864325046272	NOT_SARCASM
241313492513214464	NOT_SARCASM
240173863055552513	SARCASM
241547159730798592	NOT_SARCASM
241462704873820160	NOT_SARCASM
240556612010528769	SARCASM
240553098756628481	NOT_SARCASM
241498662872694785	SARCASM
240484093199011842	NOT_SARCASM
240558128104611840	NOT_SARCASM
240251935129739264	NOT_SARCASM
241406485672898562	NOT_SARCASM
241333724690653185	NOT_SARCASM
241542936838422528	NOT_SARCASM
241360632287490050	NOT_SARCASM
240397560882274304	NOT_SARCASM
240338904039964673	NOT_SARCASM
240461668906332160	NOT_SARCASM
240368725524627456	NOT_SARCASM
240357187531190272	NOT_SARCASM
241406743568084994	SARCASM
241470990293549057	NOT_SARCASM
241502554775773184	NOT_SARCASM
240350973871153152	NOT_SARCASM
240436342612447233	SARCASM
240168782734192641	NOT_SARCASM
241548377739890688	NOT_SARCASM
240449092621303808	NOT_SARCASM
240140443789164544	NOT_SARCASM
241342539964223489	NOT_SARCASM
240544584323715072	NOT_SARCASM
240439076791148544	SARCASM
241248111509504000	NOT_SARCASM
241287592686010368	NOT_SARCASM
240140038875262976	NOT_SARCASM
241516744286552065	NOT_SARCASM
240444310154252288	NOT_SARCASM
240462485151440897	NOT_SARCASM
240527106658951168	NOT_SARCASM
240268586545983488	NOT_SARCASM
240418243498627073	NOT_SARCASM
240295505559695361	NOT_SARCASM
241497291096195073	NOT_SARCASM
240189644619255808	SARCASM
240388037786337281	NOT_SARCASM
240449096790466561	NOT_SARCASM
240558240025411584	NOT_SARCASM
240304196165988352	NOT_SARCASM
240423058492502016	SARCASM
241403391421595649	NOT_SARCASM
240299548549992448	NOT_SARCASM
241328988767793152	NOT_SARCASM
240396260820008960	SARCASM
241404047825981441	NOT_SARCASM
240556516040663040	NOT_SARCASM
241341483674910720	SARCASM
240561235727351808	NOT_SARCASM
241351706804383744	NOT_SARCASM
240425600769216512	NOT_SARCASM
240299363564400640	SARCASM
241523710396346369	SARCASM
241336590566322176	NOT_SARCASM
240401181057359872	NOT_SARCASM
241552295681204224	SARCASM
241528890990944256	NOT_SARCASM
241360619725524994	NOT_SARCASM
241251781714276352	NOT_SARCASM
241394180474167296	SARCASM
240380437321613312	NOT_SARCASM
241548377718943745	NOT_SARCASM
240382998212640769	NOT_SARCASM
240403730707660800	SARCASM
240550192473063424	SARCASM
241268747673948160	NOT_SARCASM
241528886825988096	NOT_SARCASM
241249717902798848	SARCASM
241528891011919872	NOT_SARCASM
241351723610955776	NOT_SARCASM
241255852680560641	SARCASM
240564680614088705	NOT_SARCASM
240387145129406465	NOT_SARCASM
240454574626992128	SARCASM
240330498642161664	NOT_SARCASM
240145214348591105	NOT_SARCASM
241447005623287808	NOT_SARCASM
240400859970805760	NOT_SARCASM
240338933412683777	NOT_SARCASM
241532772534071296	NOT_SARCASM
241452076528439296	NOT_SARCASM
241305435272015872	SARCASM
241326129057767424	SARCASM
241457535482212352	NOT_SARCASM
240508664291659776	NOT_SARCASM
241253119722393600	NOT_SARCASM
240473067225243648	NOT_SARCASM
241440618897870848	NOT_SARCASM
241240560822788099	SARCASM
240227226501664769	NOT_SARCASM
241588416582668288	NOT_SARCASM
240295501382176768	NOT_SARCASM
241533689161469952	NOT_SARCASM
240144462234402816	NOT_SARCASM
241242809661804544	NOT_SARCASM
240432676094480384	NOT_SARCASM
240298602939969536	NOT_SARCASM
240508681077280768	NOT_SARCASM
241343773601316864	NOT_SARCASM
240486509977952256	NOT_SARCASM
240577975173644288	NOT_SARCASM
241333624601985024	NOT_SARCASM
240234868527755265	NOT_SARCASM
240577970979344384	NOT_SARCASM
241510800966176768	NOT_SARCASM
241507872322764800	SARCASM
240508672688672769	NOT_SARCASM
241467029218025472	NOT_SARCASM
240268578148999168	NOT_SARCASM
240369450669445120	NOT_SARCASM
240160894666022912	SARCASM
241329857848569857	NOT_SARCASM
240406595899621376	NOT_SARCASM
241260346508197888	NOT_SARCASM
241467045991043073	NOT_SARCASM
240385519027105793	NOT_SARCASM
240243030660116480	NOT_SARCASM
240546262489911298	NOT_SARCASM
241395982930178049	NOT_SARCASM
240248230544302080	NOT_SARCASM
240479502906556416	SARCASM
240544584332095489	NOT_SARCASM
240577970966761473	NOT_SARCASM
241554883097014272	NOT_SARCASM
241481763816345600	NOT_SARCASM
240193214898896896	NOT_SARCASM
240181128655425536	NOT_SARCASM
240295509791764480	NOT_SARCASM
240386268733788160	NOT_SARCASM
240486514168057856	NOT_SARCASM
241450832091037697	NOT_SARCASM
240461000233603072	NOT_SARCASM
241469012024913920	NOT_SARCASM
241456761331130369	NOT_SARCASM
240395065778925568	NOT_SARCASM
240307073018122240	SARCASM
241242733879123968	SARCASM
240449646957301760	NOT_SARCASM
241330702778499076	SARCASM
240561244111781889	NOT_SARCASM
240409147080859648	SARCASM
240459861610094592	SARCASM
241497282745356288	NOT_SARCASM
240401160098414592	NOT_SARCASM
241243378396827648	NOT_SARCASM
241250172674396160	NOT_SARCASM
240175145824698368	NOT_SARCASM
240363053319852032	NOT_SARCASM
240239791810170881	NOT_SARCASM
241508836400300032	SARCASM
241329525336727553	NOT_SARCASM
240268582355869696	NOT_SARCASM
240313100685959168	NOT_SARCASM
241458377572622336	SARCASM
241448854791278592	NOT_SARCASM
240415308161089536	SARCASM
240517333918044160	NOT_SARCASM
240469958373552129	SARCASM
240415597253513216	NOT_SARCASM
240388946264223744	NOT_SARCASM
240436349562417152	NOT_SARCASM
240139766622990336	NOT_SARCASM
241469817486467072	NOT_SARCASM
241522515669811200	NOT_SARCASM
240160520970330112	NOT_SARCASM
240488302883520512	NOT_SARCASM
240406586034647040	SARCASM
240418239300128769	NOT_SARCASM
240252836305330176	SARCASM
240250711965855745	NOT_SARCASM
241244122910957568	NOT_SARCASM
240443556127461377	NOT_SARCASM
240479547429093377	NOT_SARCASM
241548338191814657	SARCASM
240559270645620736	NOT_SARCASM
240234868531933184	NOT_SARCASM
241540873916145664	NOT_SARCASM
240259665252990976	NOT_SARCASM
240383581770379265	NOT_SARCASM
241268756062547968	NOT_SARCASM
241465230301995009	SARCASM
241240133058314240	NOT_SARCASM
240403939017768960	NOT_SARCASM
241328540061163520	NOT_SARCASM
240551660768878592	NOT_SARCASM
241251781718470656	NOT_SARCASM
240557257455173632	SARCASM
240454973022937088	NOT_SARCASM
241541499777589248	SARCASM
240444060249239554	SARCASM
240433717749874688	NOT_SARCASM
241340940516737024	NOT_SARCASM
240374552494997504	SARCASM
240154336016080896	NOT_SARCASM
240561239892299776	NOT_SARCASM
240423284284465152	NOT_SARCASM
240183391851520000	NOT_SARCASM
241506949898833920	NOT_SARCASM
241552498651959296	NOT_SARCASM
241344400330989568	NOT_SARCASM
241236984222347264	NOT_SARCASM
240517329753088001	NOT_SARCASM
241360628118351872	NOT_SARCASM
240432667701702657	NOT_SARCASM
241260543942459392	NOT_SARCASM
241499316798230528	NOT_SARCASM
241394224497577984	NOT_SARCASM
241268760261054465	NOT_SARCASM
241258052681089024	NOT_SARCASM
241277090148806658	NOT_SARCASM
241409592431628288	NOT_SARCASM
241414892404494336	NOT_SARCASM
240143357182103552	NOT_SARCASM
240400625781833728	NOT_SARCASM
240480087479304192	NOT_SARCASM
240398769772965889	SARCASM
241482287739441153	NOT_SARCASM
240319815552733185	NOT_SARCASM
241258514465554432	NOT_SARCASM
240167936352976896	NOT_SARCASM
240314977574088704	NOT_SARCASM
240258735690379264	NOT_SARCASM
241402758912159745	SARCASM
241431414908784640	SARCASM
240183396029046784	NOT_SARCASM
240328024489336832	SARCASM
241462717473492992	NOT_SARCASM
241491842699517953	NOT_SARCASM
240252683519414273	NOT_SARCASM
241344417120800768	NOT_SARCASM
240247512575926272	NOT_SARCASM
241575426793811968	NOT_SARCASM
241477573673115648	NOT_SARCASM
240527098249375744	NOT_SARCASM
241378013504221185	NOT_SARCASM
240383882694897664	NOT_SARCASM
240176578909319170	SARCASM
240446599040471041	NOT_SARCASM
240489520242507777	NOT_SARCASM
240427663905402880	NOT_SARCASM
241278288092352512	NOT_SARCASM
240432936061640704	SARCASM
240174758833037312	NOT_SARCASM
241532736752472064	NOT_SARCASM
241469164257177600	NOT_SARCASM
241260346478841856	NOT_SARCASM
241275403652722689	NOT_SARCASM
240167931626008579	NOT_SARCASM
240259665232019456	NOT_SARCASM
241296513974812672	NOT_SARCASM
240553081971027968	NOT_SARCASM
240160558651936769	NOT_SARCASM
241452093293068288	NOT_SARCASM
240251951944708096	NOT_SARCASM
240360615397437440	NOT_SARCASM
240298320835276800	NOT_SARCASM
240383577563484160	NOT_SARCASM
240461008626413571	NOT_SARCASM
240154569739485184	NOT_SARCASM
241502569170624512	SARCASM
241452080714379264	NOT_SARCASM
240517333922230272	NOT_SARCASM
240406943192211456	NOT_SARCASM
240175137436102657	NOT_SARCASM
241386423075340288	NOT_SARCASM
241407044706504706	SARCASM
240364228400279553	SARCASM
240234864337616897	NOT_SARCASM
240508664308457472	NOT_SARCASM
240410526608404480	SARCASM
240410073527111682	NOT_SARCASM
241446993015209985	NOT_SARCASM
241452842030878720	SARCASM
241484894872694784	SARCASM
241467029192847360	NOT_SARCASM
240314800545083392	NOT_SARCASM
241467041779957760	NOT_SARCASM
241506455658852352	NOT_SARCASM
241483236654579712	NOT_SARCASM
240143357215662080	NOT_SARCASM
240412326187118593	SARCASM
241467945363058689	NOT_SARCASM
240259673629011969	NOT_SARCASM
240243149421805568	NOT_SARCASM
240305865612214272	NOT_SARCASM
240517338108145664	NOT_SARCASM
241347950662541313	NOT_SARCASM
241313509277839360	NOT_SARCASM
241344400351981568	NOT_SARCASM
241329907332952065	NOT_SARCASM
240517350686871554	NOT_SARCASM
241484871837548545	SARCASM
240517346509352960	NOT_SARCASM
240454589592260610	NOT_SARCASM
241513378680545281	NOT_SARCASM
240193206522880000	NOT_SARCASM
241495252526043137	SARCASM
241446972043706368	NOT_SARCASM
240383602758651904	NOT_SARCASM
241421085080428544	NOT_SARCASM
240374316561215488	NOT_SARCASM
240388937909141504	NOT_SARCASM
240454190978174976	NOT_SARCASM
241239509524692992	NOT_SARCASM
241538385750159361	SARCASM
240456263278944256	NOT_SARCASM
240424383573794816	NOT_SARCASM
241540989469204482	NOT_SARCASM
241548295086940161	SARCASM
240453752174284802	NOT_SARCASM
241313505091923969	NOT_SARCASM
240388950462701569	NOT_SARCASM
240342727538122752	NOT_SARCASM
241567906410946560	NOT_SARCASM
240546627029434368	SARCASM
240592672031662081	NOT_SARCASM
241522312296411136	NOT_SARCASM
240140980291006465	SARCASM
241538323401818112	NOT_SARCASM
240449096803041282	NOT_SARCASM
240472461999751168	SARCASM
241554535951245312	NOT_SARCASM
241255618600652800	NOT_SARCASM
241440105968041984	NOT_SARCASM
241550101628207104	SARCASM
241548369338703872	NOT_SARCASM
241250709457215488	SARCASM
240286420734976003	NOT_SARCASM
241546356639023105	SARCASM
240517350699433985	NOT_SARCASM
241244122936131584	NOT_SARCASM
240401160102633472	NOT_SARCASM
240479534858780673	NOT_SARCASM
240162161211604992	NOT_SARCASM
240409439969107970	NOT_SARCASM
241417330897334273	NOT_SARCASM
241394220294864896	NOT_SARCASM
241340868940943360	NOT_SARCASM
241461600064782336	NOT_SARCASM
240479547462647809	NOT_SARCASM
240443568685207552	NOT_SARCASM
240356192071860224	NOT_SARCASM
240436313688518656	NOT_SARCASM
241548365161185280	NOT_SARCASM
241268951340961792	NOT_SARCASM
241378021876064257	NOT_SARCASM
240368729739915264	NOT_SARCASM
240432655139745794	NOT_SARCASM
240218867262164992	NOT_SARCASM
240365830611812352	SARCASM
241425312683012096	NOT_SARCASM
241459277343117313	NOT_SARCASM
240300326794706944	SARCASM
241470988548702208	NOT_SARCASM
241329931777355776	SARCASM
241470632301301760	NOT_SARCASM
240428794022866944	NOT_SARCASM
241527047153938432	NOT_SARCASM
241396899976974337	SARCASM
241459566737498113	NOT_SARCASM
240346030175035392	NOT_SARCASM
240151779348725760	NOT_SARCASM
241452097495764993	NOT_SARCASM
240478113329467392	NOT_SARCASM
240338925015666688	NOT_SARCASM
240361015747944449	NOT_SARCASM
241327609932312576	NOT_SARCASM
240149846135300096	SARCASM
240596149088686080	NOT_SARCASM
240173266231255040	NOT_SARCASM
241313505087737856	NOT_SARCASM
241511810166046720	SARCASM
240322529200312320	SARCASM
241567923209121792	NOT_SARCASM
240479547441700865	NOT_SARCASM
240547013480050688	SARCASM
241243071105343488	SARCASM
241467474871201792	SARCASM
241434923444092931	NOT_SARCASM
241486926983610368	NOT_SARCASM
240368721330311168	NOT_SARCASM
241467033395535873	NOT_SARCASM
240268590748688385	NOT_SARCASM
241409584009445376	NOT_SARCASM
241461800871264256	SARCASM
241342513317818368	NOT_SARCASM
241378017690132482	NOT_SARCASM
240406595920605185	NOT_SARCASM
240186992057540608	NOT_SARCASM
241440089178247168	NOT_SARCASM
241517335683420160	SARCASM
240508672709640192	NOT_SARCASM
240563702716317696	NOT_SARCASM
241268764446957569	NOT_SARCASM
241287592694407169	NOT_SARCASM
241472817353351170	NOT_SARCASM
240443560304975872	NOT_SARCASM
241542086283915265	NOT_SARCASM
241466222900826112	NOT_SARCASM
240383594349088768	NOT_SARCASM
240153219043569664	NOT_SARCASM
241520168818311168	SARCASM
241475460784062464	SARCASM
241258164455108610	SARCASM
240319464112017409	SARCASM
240401633182359552	SARCASM
241260342301315072	NOT_SARCASM
241501862887579648	NOT_SARCASM
240388933702275072	NOT_SARCASM
240241891873017856	NOT_SARCASM
240418230911504384	NOT_SARCASM
240387222564638720	SARCASM
240159329108508672	NOT_SARCASM
240338904052555776	NOT_SARCASM
240218871448080384	NOT_SARCASM
240546329707810817	SARCASM
240546970094145537	SARCASM
241455929663569921	NOT_SARCASM
240544584315318272	NOT_SARCASM
241538873094729728	SARCASM
240586397340295168	NOT_SARCASM
240463789349281792	NOT_SARCASM
240357409313402880	NOT_SARCASM
240544596889841666	NOT_SARCASM
240443577107365888	NOT_SARCASM
241522719085166593	NOT_SARCASM
240349015533813760	SARCASM
241487414609203200	NOT_SARCASM
240418243515404289	NOT_SARCASM
240159341708189696	NOT_SARCASM
241237000991154178	NOT_SARCASM
240308749359775744	SARCASM
241401495797506048	SARCASM
241501871292944384	SARCASM
241394314662531073	SARCASM
241548210697535488	NOT_SARCASM
241253480495472641	NOT_SARCASM
240412216275394560	NOT_SARCASM
240374316569600001	NOT_SARCASM
241489745308430336	NOT_SARCASM
241378017677557762	NOT_SARCASM
240338912411787264	NOT_SARCASM
240551680024915968	NOT_SARCASM
240242654133248000	NOT_SARCASM
240517338112331776	NOT_SARCASM
241502217608257536	NOT_SARCASM
240553119925293057	NOT_SARCASM
240479122575474688	SARCASM
241326603370647553	NOT_SARCASM
240461004411133952	NOT_SARCASM
241580606759239681	NOT_SARCASM
241528895189438464	NOT_SARCASM
241336590532767744	NOT_SARCASM
241336590570496000	NOT_SARCASM
240143369769201664	NOT_SARCASM
241260342292918272	NOT_SARCASM
240250188520902657	SARCASM
240443581272317952	NOT_SARCASM
240322542068441089	NOT_SARCASM
240349482439561216	NOT_SARCASM
241417326703026176	NOT_SARCASM
240452547435978752	NOT_SARCASM
240401155887333377	NOT_SARCASM
241268772848140288	NOT_SARCASM
240473067250388992	NOT_SARCASM
241507463193575426	SARCASM
241452084908654592	NOT_SARCASM
240406591705341952	NOT_SARCASM
241528895214587905	NOT_SARCASM
240508689453305856	NOT_SARCASM
241251785925349377	NOT_SARCASM
240438998147952640	SARCASM
240201783861968896	NOT_SARCASM
240493556400275456	NOT_SARCASM
240286420722405376	NOT_SARCASM
241510796788645889	NOT_SARCASM
240257841972260864	SARCASM
241243480620421120	NOT_SARCASM
241351706842116096	NOT_SARCASM
241528895181045762	NOT_SARCASM
241417343501230080	NOT_SARCASM
240319670069121024	SARCASM
240258023635943424	NOT_SARCASM
240183301044854785	NOT_SARCASM
240403714643484673	SARCASM
241386418902028288	NOT_SARCASM
240352939061956608	SARCASM
241555893563572227	NOT_SARCASM
241275062458650624	SARCASM
240561227330375680	NOT_SARCASM
240268578140585984	NOT_SARCASM
240320171472977920	NOT_SARCASM
240418446716829696	NOT_SARCASM
241251790115446785	NOT_SARCASM
241530504212537347	SARCASM
240401168503812097	NOT_SARCASM
240286408114327553	NOT_SARCASM
241403731638370304	NOT_SARCASM
240400825963380736	NOT_SARCASM
241321642041692162	NOT_SARCASM
241271416169844737	SARCASM
240167931626024960	NOT_SARCASM
240553077793517568	NOT_SARCASM
240360219761324032	SARCASM
240313096479051776	NOT_SARCASM
241394119455424512	NOT_SARCASM
241434983057743872	NOT_SARCASM
240557176605782016	SARCASM
240277323289620480	NOT_SARCASM
240227222307368960	NOT_SARCASM
240449100984745984	NOT_SARCASM
240570236674375680	NOT_SARCASM
241497730730557440	SARCASM
241321658818891776	NOT_SARCASM
240189304268275712	SARCASM
240394533475610624	SARCASM
240592672023252992	NOT_SARCASM
241497286918668288	NOT_SARCASM
241523237203353600	NOT_SARCASM
240180480195035136	NOT_SARCASM
241378013516816385	NOT_SARCASM
240401168482840576	NOT_SARCASM
240143382377287680	NOT_SARCASM
240409325380706304	SARCASM
240234860118155266	NOT_SARCASM
240176391616864257	SARCASM
240167778307428352	NOT_SARCASM
240425764263190528	NOT_SARCASM
241519767360516096	SARCASM
241248084842147840	SARCASM
241510334995783680	SARCASM
241251790132232192	NOT_SARCASM
241277085962878976	NOT_SARCASM
240527102468841474	NOT_SARCASM
241560763498635264	NOT_SARCASM
241516735889551360	NOT_SARCASM
241333359266131969	NOT_SARCASM
241313492529987584	NOT_SARCASM
240562411390763008	NOT_SARCASM
241277081772773376	NOT_SARCASM
241401698738925568	NOT_SARCASM
240435032852934657	SARCASM
241287596888702977	NOT_SARCASM
240218879832506368	NOT_SARCASM
240536610947624960	NOT_SARCASM
241588412375789568	NOT_SARCASM
240252966773338112	NOT_SARCASM
240395069960622080	NOT_SARCASM
240596149113872384	NOT_SARCASM
241394224464007168	NOT_SARCASM
241348932444250112	NOT_SARCASM
240432667718459393	NOT_SARCASM
240201779671867392	NOT_SARCASM
240365325370150913	SARCASM
241436752521351168	SARCASM
241417335116820481	NOT_SARCASM
240362689933762560	NOT_SARCASM
241296518177488898	NOT_SARCASM
241255755259457536	SARCASM
240277331665645570	NOT_SARCASM
241262071797383168	NOT_SARCASM
240392337828741120	NOT_SARCASM
241542090465615872	NOT_SARCASM
240302961165729792	NOT_SARCASM
241236980036423680	NOT_SARCASM
240577979380543488	NOT_SARCASM
241516756861083648	SARCASM
241339686679871488	NOT_SARCASM
240486501597724673	NOT_SARCASM
241494093912498176	NOT_SARCASM
241335884929171456	NOT_SARCASM
241328789165060096	SARCASM
241270827985801216	NOT_SARCASM
240561970271641601	NOT_SARCASM
241305431060905985	NOT_SARCASM
241296513966407680	NOT_SARCASM
240438246436380672	SARCASM
241274745067278337	SARCASM
240243018068815872	NOT_SARCASM
240252487792214018	SARCASM
241330211105435648	NOT_SARCASM
241452196456181760	SARCASM
241474321242025985	SARCASM
241248762033491968	NOT_SARCASM
241541210945253377	NOT_SARCASM
240418239321088000	NOT_SARCASM
240423613591875584	SARCASM
241548377748299776	NOT_SARCASM
241546657441935360	NOT_SARCASM
241580610970349569	NOT_SARCASM
240395065753751552	NOT_SARCASM
240300165024591872	NOT_SARCASM
240433541467492352	NOT_SARCASM
240473067254583296	NOT_SARCASM
241546294328438784	NOT_SARCASM
241351719399849984	NOT_SARCASM
241481759622053888	NOT_SARCASM
241493732141182976	NOT_SARCASM
241482487371542528	SARCASM
241270715079335936	SARCASM
240152462756032512	NOT_SARCASM
241560767730692096	NOT_SARCASM
240412199523328000	NOT_SARCASM
241517527593779200	NOT_SARCASM
241344408753160192	NOT_SARCASM
241328793346768897	NOT_SARCASM
240330498663120896	NOT_SARCASM
240179959577055232	NOT_SARCASM
240432663524159488	NOT_SARCASM
241238897869344768	SARCASM
241264857884786688	NOT_SARCASM
241237954784284672	SARCASM
241546994269691904	NOT_SARCASM
240234876916338688	NOT_SARCASM
240427647140765696	NOT_SARCASM
240551131422547968	NOT_SARCASM
241432698852360192	NOT_SARCASM
240388933714857984	NOT_SARCASM
240170446476148736	NOT_SARCASM
241536996986732544	NOT_SARCASM
241413178225991680	SARCASM
241360619725545472	SARCASM
241575422620475392	NOT_SARCASM
241245752637157377	SARCASM
241344421302501376	NOT_SARCASM
240429249524297728	SARCASM
240234876924739584	NOT_SARCASM
241516733570088960	NOT_SARCASM
240544596919205888	NOT_SARCASM
240259266391453696	NOT_SARCASM
240463070412017664	SARCASM
240561235693817856	NOT_SARCASM
240552859693899776	SARCASM
240546948841623552	SARCASM
241446993006837760	NOT_SARCASM
240406133972545537	SARCASM
240153578608672768	NOT_SARCASM
241432686231703552	NOT_SARCASM
240395061563645952	NOT_SARCASM
240462244205457409	SARCASM
240380213731684352	NOT_SARCASM
241550793981952000	SARCASM
241313496703332352	NOT_SARCASM
240405459704639489	NOT_SARCASM
240490027681980416	NOT_SARCASM
240385248154750976	SARCASM
241480643211563009	SARCASM
240401658037800960	NOT_SARCASM
240330498658938880	NOT_SARCASM
240449100980576256	NOT_SARCASM
240362515542970368	SARCASM
241510792594333696	NOT_SARCASM
241343268984594432	SARCASM
240479619411763200	NOT_SARCASM
240183020596912128	NOT_SARCASM
241446997213708288	NOT_SARCASM
240415540483612673	NOT_SARCASM
240434620477358080	NOT_SARCASM
240449197688643586	SARCASM
240357405135884288	NOT_SARCASM
240386519666413568	SARCASM
240544580141973505	NOT_SARCASM
240435363213086720	NOT_SARCASM
240376404431212544	NOT_SARCASM
240442761596264448	NOT_SARCASM
241451692586045440	NOT_SARCASM
241467054383849472	NOT_SARCASM
240227222303158273	NOT_SARCASM
240322529460383745	NOT_SARCASM
240335107079168001	SARCASM
241296530768818176	NOT_SARCASM
241580606780219392	NOT_SARCASM
240436730673635328	NOT_SARCASM
240248542466289664	SARCASM
241470337915711488	NOT_SARCASM
240321438723231744	NOT_SARCASM
240201792229605376	NOT_SARCASM
240201792233824256	NOT_SARCASM
241333562610155520	SARCASM
240391130175401985	NOT_SARCASM
241542098879389696	NOT_SARCASM
240553285533175808	SARCASM
240552324504883200	SARCASM
241270065071284225	SARCASM
241514752549986304	NOT_SARCASM
241328220862046209	NOT_SARCASM
240432659321462784	NOT_SARCASM
240368708755791872	NOT_SARCASM
240301023737040897	NOT_SARCASM
240473084023418882	NOT_SARCASM
241409584005275648	NOT_SARCASM
240463026107580417	NOT_SARCASM
240557046225838081	NOT_SARCASM
241560771925008384	NOT_SARCASM
241474361683492866	SARCASM
240180975018049536	NOT_SARCASM
240193210692009984	NOT_SARCASM
241528903569661953	NOT_SARCASM
241395866559201280	NOT_SARCASM
240357426103218176	NOT_SARCASM
241548377718931456	NOT_SARCASM
240552417173848064	SARCASM
240151906893320192	NOT_SARCASM
241401698747289600	NOT_SARCASM
240299136006623232	NOT_SARCASM
240259713181302784	SARCASM
240577966780850177	NOT_SARCASM
240508685254803456	NOT_SARCASM
241462688113381376	NOT_SARCASM
241331118576648194	NOT_SARCASM
241588416578461696	NOT_SARCASM
240546682830462976	SARCASM
241489428135161856	SARCASM
241472327097909248	SARCASM
241510796776062976	NOT_SARCASM
240493543846707200	NOT_SARCASM
241327802773823488	SARCASM
240301519315030016	SARCASM
240308073619673088	SARCASM
240151121665069056	SARCASM
240313109074563072	NOT_SARCASM
241491842703704064	NOT_SARCASM
241277085941915648	NOT_SARCASM
241431952320757760	SARCASM
240486505779458048	NOT_SARCASM
241255119528808449	NOT_SARCASM
241528903569653760	NOT_SARCASM
241251790132215808	NOT_SARCASM
241472829923659776	NOT_SARCASM
241394228658315264	NOT_SARCASM
240586388951691264	NOT_SARCASM
240473071457300481	NOT_SARCASM
241256518576656384	SARCASM
241440110187511809	NOT_SARCASM
240374333321646080	NOT_SARCASM
240362710901063680	NOT_SARCASM
240313092284751872	NOT_SARCASM
240201783845203968	NOT_SARCASM
240570249265688577	NOT_SARCASM
241527007165431808	NOT_SARCASM
240330511250251776	NOT_SARCASM
240157574354313216	SARCASM
241340766360854528	NOT_SARCASM
240451125805993984	SARCASM
240553081987801089	NOT_SARCASM
240465764941963264	NOT_SARCASM
241305452049227779	NOT_SARCASM
240342201689833472	NOT_SARCASM
240330511237652480	NOT_SARCASM
241485643136503808	SARCASM
241522877587918848	NOT_SARCASM
241369457111486465	NOT_SARCASM
240488859396370432	NOT_SARCASM
240173116620414976	NOT_SARCASM
240366856387571712	SARCASM
240313100690128896	NOT_SARCASM
240443556119068672	NOT_SARCASM
241535350248448000	NOT_SARCASM
240508664312639489	NOT_SARCASM
241510667704745984	SARCASM
240268578144800768	NOT_SARCASM
241486922785107968	NOT_SARCASM
240443572896288768	NOT_SARCASM
240560006964080640	NOT_SARCASM
240139684150386689	NOT_SARCASM
240536615150309377	NOT_SARCASM
240562212740161536	NOT_SARCASM
240218871448092672	NOT_SARCASM
241261181585723393	SARCASM
240409575034060801	SARCASM
240424184600203264	NOT_SARCASM
241328139475767296	NOT_SARCASM
241575422612078592	NOT_SARCASM
240479543234793472	NOT_SARCASM
240384524847046657	NOT_SARCASM
241520548008558592	SARCASM
240253401802362880	SARCASM
241460434996174848	NOT_SARCASM
240486501593534467	NOT_SARCASM
240351751209902080	NOT_SARCASM
240388942099255296	NOT_SARCASM
240388954661212161	NOT_SARCASM
241554883118002177	NOT_SARCASM
241528903603216386	NOT_SARCASM
241403148529459200	SARCASM
241521179863695362	NOT_SARCASM
241432707232591872	NOT_SARCASM
240547854102437888	NOT_SARCASM
240338929201586176	NOT_SARCASM
240167910641897473	NOT_SARCASM
241268764459540481	NOT_SARCASM
240149364415275008	SARCASM
240473079845883905	NOT_SARCASM
241339347507490816	SARCASM
240406595903832064	NOT_SARCASM
240295497175293952	NOT_SARCASM
240547059948740608	NOT_SARCASM
240565614505250817	NOT_SARCASM
240313096504213504	NOT_SARCASM
241528886792425473	NOT_SARCASM
240298463668080640	NOT_SARCASM
241404995214393344	NOT_SARCASM
240449100988944384	NOT_SARCASM
241329074759405568	SARCASM
240564769239728128	NOT_SARCASM
241472817336565760	NOT_SARCASM
240561244107591681	NOT_SARCASM
240218879819907072	NOT_SARCASM
240193206497726464	NOT_SARCASM
240250317810302976	NOT_SARCASM
241542231864012800	NOT_SARCASM
241333973702279168	NOT_SARCASM
241540729145524224	NOT_SARCASM
240596149088698368	NOT_SARCASM
241287592711176192	NOT_SARCASM
241268768666419200	NOT_SARCASM
241499158618456064	NOT_SARCASM
241287592673423360	NOT_SARCASM
240295501398949888	NOT_SARCASM
241459565932212226	SARCASM
240245673113579520	NOT_SARCASM
241313500889219073	NOT_SARCASM
241452564476989440	NOT_SARCASM
240558936904835072	NOT_SARCASM
240479543264174080	NOT_SARCASM
240392538865938432	SARCASM
241405966619381760	SARCASM
241567902208258048	NOT_SARCASM
241554878906892291	NOT_SARCASM
241510792564977664	NOT_SARCASM
240227222319939587	NOT_SARCASM
240319014763655168	NOT_SARCASM
241567923209109504	NOT_SARCASM
241242340528893952	NOT_SARCASM
240302647486324736	NOT_SARCASM
240193206506098689	NOT_SARCASM
240327519088291840	NOT_SARCASM
241516756890431488	NOT_SARCASM
240268586529222656	NOT_SARCASM
240259677840101376	NOT_SARCASM
240184360291164162	SARCASM
240413017337102336	SARCASM
241509768508887041	SARCASM
240173459555102723	NOT_SARCASM
240586388947476480	NOT_SARCASM
241344400343580672	NOT_SARCASM
240536610935025665	NOT_SARCASM
241519434701877248	SARCASM
241417657566494721	SARCASM
240259665232031744	NOT_SARCASM
240182769559404544	NOT_SARCASM
241483700452347905	SARCASM
241500602247561216	NOT_SARCASM
240310157177942017	SARCASM
241397136892239872	SARCASM
240427647107219456	NOT_SARCASM
240563928416010240	NOT_SARCASM
241528198016425985	SARCASM
240151775167004672	NOT_SARCASM
241336816584777728	SARCASM
240449105200033792	NOT_SARCASM
240239668162080768	NOT_SARCASM
240400467698532352	SARCASM
241313492509016064	NOT_SARCASM
241530991947161600	NOT_SARCASM
241328789152468993	SARCASM
241502028642258944	SARCASM
240316956094365696	NOT_SARCASM
241237353107169280	SARCASM
241409600803450880	NOT_SARCASM
241268751864049666	NOT_SARCASM
240473088205135872	NOT_SARCASM
240162831901810690	NOT_SARCASM
240422965072777216	NOT_SARCASM
241472475400110080	SARCASM
241457736162889728	NOT_SARCASM
240218871456493568	NOT_SARCASM
240422800253390848	NOT_SARCASM
240315580559814656	NOT_SARCASM
240374316552839168	NOT_SARCASM
240493543834152960	NOT_SARCASM
241481747009781761	NOT_SARCASM
240437158211633152	NOT_SARCASM
241510581100769280	NOT_SARCASM
240351510494580736	SARCASM
240330515448745984	NOT_SARCASM
240454968820236288	NOT_SARCASM
241250835705774080	SARCASM
241497286935461888	NOT_SARCASM
241554893893160960	SARCASM
241442229376401408	NOT_SARCASM
241394083174707200	SARCASM
240544588526411776	NOT_SARCASM
240357430263959552	NOT_SARCASM
241472817336549376	NOT_SARCASM
241467037610831872	NOT_SARCASM
240322546262740992	NOT_SARCASM
241551428982829056	SARCASM
240368717152780288	NOT_SARCASM
240486514184843265	NOT_SARCASM
240550368742883328	NOT_SARCASM
241242002598027264	NOT_SARCASM
240550740211404800	SARCASM
241535346028998656	NOT_SARCASM
240151775150223361	NOT_SARCASM
240486514180644864	NOT_SARCASM
241518259524993024	SARCASM
240307023126867968	NOT_SARCASM
241328784933015552	NOT_SARCASM
240469097316483072	NOT_SARCASM
241241737052446720	SARCASM
241394224489168897	NOT_SARCASM
240286403945168896	NOT_SARCASM
240490384332042240	NOT_SARCASM
241558878318383104	NOT_SARCASM
240517329719549952	NOT_SARCASM
241251785929543680	NOT_SARCASM
241336590566318080	NOT_SARCASM
240500451873804289	SARCASM
241251785900175361	NOT_SARCASM
240210944205131777	NOT_SARCASM
240374320730365952	NOT_SARCASM
240412183220064258	NOT_SARCASM
240193214890520576	NOT_SARCASM
240586397340274688	NOT_SARCASM
240159630637006848	SARCASM
241268751868243971	NOT_SARCASM
241251785916964864	NOT_SARCASM
241462713287585792	NOT_SARCASM
241535350214885376	SARCASM
241296522350845952	NOT_SARCASM
240218871435501568	NOT_SARCASM
241331081788403712	SARCASM
241520867580989440	NOT_SARCASM
240218863080452096	NOT_SARCASM
240140219133861888	SARCASM
240559197257883650	SARCASM
240473071448899584	NOT_SARCASM
240218871460671489	NOT_SARCASM
241528891800449024	SARCASM
240508664304246785	NOT_SARCASM
241560763507032064	NOT_SARCASM
241549934569070593	SARCASM
240426522027126784	SARCASM
240558160652427264	SARCASM
241462717481889792	NOT_SARCASM
240486505804619776	NOT_SARCASM
241457675924295680	NOT_SARCASM
240517342323429376	NOT_SARCASM
241236988404043776	NOT_SARCASM
241446980432314368	NOT_SARCASM
241346304431771649	SARCASM
241532417670799361	SARCASM
241328776573751296	NOT_SARCASM
240404146799382528	NOT_SARCASM
240172930456252416	SARCASM
240376069130174465	NOT_SARCASM
240259673620611072	NOT_SARCASM
241277506253099008	SARCASM
241432686252683264	NOT_SARCASM
241269674564792320	NOT_SARCASM
240457529015017474	NOT_SARCASM
241339871271215104	NOT_SARCASM
241253180988604416	SARCASM
241236984239112193	NOT_SARCASM
240346046927077377	SARCASM
240386415429578753	SARCASM
241452097491595264	NOT_SARCASM
241467025011138561	NOT_SARCASM
241560767722307586	NOT_SARCASM
240176122384510977	SARCASM
241241845202554880	SARCASM
240460794658189312	SARCASM
240577970962563072	NOT_SARCASM
240479543247376385	NOT_SARCASM
240251939332435968	NOT_SARCASM
241462692303495168	NOT_SARCASM
240365400884396032	NOT_SARCASM
241251773325639681	NOT_SARCASM
241249399022440448	NOT_SARCASM
241328784953978883	NOT_SARCASM
241558165949407233	SARCASM
241495221333024768	NOT_SARCASM
240187571181846528	NOT_SARCASM
240517329732112384	NOT_SARCASM
240378999237394432	NOT_SARCASM
240305926404468737	NOT_SARCASM
240546230726434816	NOT_SARCASM
241542086300680192	NOT_SARCASM
240366363405844483	NOT_SARCASM
240577979363753986	NOT_SARCASM
241296518173319170	NOT_SARCASM
240561231533060096	NOT_SARCASM
240334811141636096	NOT_SARCASM
241327372954128384	NOT_SARCASM
241527459193970688	SARCASM
240412199489789955	NOT_SARCASM
240577975161061376	NOT_SARCASM
241401070344105985	SARCASM
240547490175279104	NOT_SARCASM
240473067254595584	NOT_SARCASM
241296526549348353	NOT_SARCASM
240401151726604288	NOT_SARCASM
241535346045763584	NOT_SARCASM
240175150035783680	NOT_SARCASM
240323171667038208	NOT_SARCASM
241466685754855426	NOT_SARCASM
241328780751282176	NOT_SARCASM
241321646244368384	NOT_SARCASM
241276185194135554	NOT_SARCASM
241453301114236929	NOT_SARCASM
240295513973473280	NOT_SARCASM
241401686139215872	NOT_SARCASM
240479551644381184	NOT_SARCASM
240559634006556672	SARCASM
240401160077463552	SARCASM
241268756066758656	NOT_SARCASM
241395069020692480	NOT_SARCASM
241443866488737792	NOT_SARCASM
241333549205172224	SARCASM
241508831409090560	NOT_SARCASM
241542090486591489	NOT_SARCASM
241491804573286401	SARCASM
240388937904955392	NOT_SARCASM
240301250103619585	NOT_SARCASM
241432694641287168	NOT_SARCASM
240551065060245505	NOT_SARCASM
241262367583911936	NOT_SARCASM
241533609444519936	NOT_SARCASM
241405030413000704	NOT_SARCASM
241275663775043584	SARCASM
241535350210711553	NOT_SARCASM
240374320763912192	NOT_SARCASM
240295497208827904	NOT_SARCASM
241248805406773248	SARCASM
241560755135209472	NOT_SARCASM
241481751229263873	NOT_SARCASM
241334943647670272	NOT_SARCASM
241238218752811009	NOT_SARCASM
241486918603386880	NOT_SARCASM
240368721330315264	NOT_SARCASM
241305431056732161	NOT_SARCASM
240300151909015553	SARCASM
240406658705133568	NOT_SARCASM
240486501601923072	NOT_SARCASM
241440859181170688	NOT_SARCASM
240592667828944897	NOT_SARCASM
241542434272731137	NOT_SARCASM
240145941615742977	NOT_SARCASM
241557669209583616	NOT_SARCASM
240368725562388480	NOT_SARCASM
240561244086607872	NOT_SARCASM
241337157422297088	NOT_SARCASM
241277064987160576	NOT_SARCASM
241275588382425089	NOT_SARCASM
241267870267494400	NOT_SARCASM
241369452917178368	NOT_SARCASM
241340024296198144	NOT_SARCASM
241394232886173696	NOT_SARCASM
241486368168095744	NOT_SARCASM
240144899788398592	NOT_SARCASM
240158691284881409	NOT_SARCASM
241326058249543680	NOT_SARCASM
240193219105804288	NOT_SARCASM
241328776565366784	NOT_SARCASM
241236980032212993	NOT_SARCASM
240473071448903680	NOT_SARCASM
240527102452051969	NOT_SARCASM
240150173551034368	SARCASM
241449954164494336	SARCASM
241541746163593216	SARCASM
240557300660699136	NOT_SARCASM
241513938641108994	SARCASM
240286408152072194	SARCASM
240234868540334080	NOT_SARCASM
240412207903563777	NOT_SARCASM
241548769575976961	SARCASM
240234860151726080	NOT_SARCASM
241277081768562688	NOT_SARCASM
241481763807981569	NOT_SARCASM
240380149810491392	SARCASM
240527102443675649	NOT_SARCASM
240508664316833793	NOT_SARCASM
240388946289385472	NOT_SARCASM
241481759596879872	NOT_SARCASM
240383594357460995	NOT_SARCASM
241237107417415680	NOT_SARCASM
241335027105947649	SARCASM
240434024168976384	SARCASM
241462683919060993	NOT_SARCASM
240143365604253696	NOT_SARCASM
241326926545952769	SARCASM
240145366400516097	NOT_SARCASM
240427659694338048	NOT_SARCASM
241296522346651648	NOT_SARCASM
240315007332663296	SARCASM
241454629425139713	NOT_SARCASM
241261226712240128	SARCASM
240449096811425792	NOT_SARCASM
240536619332030464	NOT_SARCASM
241509215196307456	NOT_SARCASM
240239649891704832	SARCASM
240152582293712896	SARCASM
240362677350842369	NOT_SARCASM
240140516363223041	SARCASM
241513794369622018	SARCASM
241448566923612160	NOT_SARCASM
240479547441684480	NOT_SARCASM
240536606744903680	NOT_SARCASM
240432655127166976	NOT_SARCASM
240234876899586048	NOT_SARCASM
241455422588981248	NOT_SARCASM
240367637673156608	NOT_SARCASM
241467045974274048	NOT_SARCASM
241394232877785089	NOT_SARCASM
241510378104840194	NOT_SARCASM
240310610045313024	SARCASM
240268582334902272	NOT_SARCASM
240315349160042496	SARCASM
240387052175233024	NOT_SARCASM
241507840945176576	NOT_SARCASM
240385396037517312	NOT_SARCASM
241588424941920256	NOT_SARCASM
240453517658173441	NOT_SARCASM
241513426915053570	NOT_SARCASM
240181590758670337	SARCASM
241516744290734081	NOT_SARCASM
241403057525645312	SARCASM
241528899383721985	NOT_SARCASM
241246626482630656	NOT_SARCASM
240362694119677952	NOT_SARCASM
241236996809424896	NOT_SARCASM
240550056497926144	NOT_SARCASM
241554887291326464	NOT_SARCASM
240493560598757378	NOT_SARCASM
241260346499796992	NOT_SARCASM
241251777532547072	NOT_SARCASM
240406595912232960	NOT_SARCASM
240546423324696576	SARCASM
241462683927474176	NOT_SARCASM
241580615147851776	NOT_SARCASM
241526656118964224	NOT_SARCASM
241481747043348480	NOT_SARCASM
240234872730427392	NOT_SARCASM
240241854396919808	SARCASM
240298238232637441	NOT_SARCASM
241575422628880384	NOT_SARCASM
241486914421669888	NOT_SARCASM
240341941852700672	NOT_SARCASM
240473067225223168	NOT_SARCASM
240508676874571776	NOT_SARCASM
240317076953264128	NOT_SARCASM
240244994873626626	SARCASM
240406963069009922	NOT_SARCASM
241352051391606785	SARCASM
241401690329337857	NOT_SARCASM
241528895197827072	NOT_SARCASM
240286403928395777	NOT_SARCASM
240548024458305536	SARCASM
241403262266376194	SARCASM
240330498675712000	NOT_SARCASM
240449092591968256	NOT_SARCASM
240346025980731393	NOT_SARCASM
241378021880262656	NOT_SARCASM
240286408152076288	NOT_SARCASM
240404391176335360	NOT_SARCASM
240193219080630272	NOT_SARCASM
241446840812318720	NOT_SARCASM
240454968837038080	NOT_SARCASM
240201779642527744	NOT_SARCASM
241580615173038080	NOT_SARCASM
240547356515393537	SARCASM
240167206330187776	SARCASM
240167869218955264	NOT_SARCASM
240417242054000640	SARCASM
241567906415128576	NOT_SARCASM
241417330918297600	NOT_SARCASM
241296509797277697	NOT_SARCASM
241438406029238272	NOT_SARCASM
241531756430381058	NOT_SARCASM
240429045777567746	SARCASM
240435017434673153	NOT_SARCASM
240167931646971906	NOT_SARCASM
240390675236012033	NOT_SARCASM
240313113252098048	NOT_SARCASM
241394220290695168	NOT_SARCASM
241394029131075585	SARCASM
241255457543569409	SARCASM
240310538100420608	SARCASM
240404809377796096	NOT_SARCASM
240392393508130816	SARCASM
241474561047138306	SARCASM
240160344536920065	NOT_SARCASM
241542090482409473	NOT_SARCASM
240295501365383168	NOT_SARCASM
240383585960472576	NOT_SARCASM
241491889520529408	NOT_SARCASM
240388840525799425	SARCASM
241528927787569152	NOT_SARCASM
241287601078812672	NOT_SARCASM
240558509559791617	SARCASM
240454981365403648	SARCASM
241481093583343617	SARCASM
241466197097476096	NOT_SARCASM
240508668498546688	NOT_SARCASM
240380213748453376	NOT_SARCASM
240201792238014464	NOT_SARCASM
241251777549312001	NOT_SARCASM
240461004436275200	NOT_SARCASM
240182320240418816	NOT_SARCASM
241409588199559168	NOT_SARCASM
240277335847350272	NOT_SARCASM
240517346530304000	NOT_SARCASM
241542086271315968	NOT_SARCASM
241471565563318273	NOT_SARCASM
240570236699541504	NOT_SARCASM
241467037589848064	NOT_SARCASM
241417356054773761	NOT_SARCASM
240184075674062848	NOT_SARCASM
241575422599495680	NOT_SARCASM
241528903603195906	NOT_SARCASM
241321646252773377	NOT_SARCASM
240373526622773248	SARCASM
241560767730679808	NOT_SARCASM
241360628088975361	NOT_SARCASM
240554268053086210	NOT_SARCASM
240405237255516160	NOT_SARCASM
241328486843838465	NOT_SARCASM
241488239230328832	NOT_SARCASM
240250754001154048	NOT_SARCASM
241499633858256896	SARCASM
241236988433399808	NOT_SARCASM
240177810788995072	SARCASM
241328780742909953	NOT_SARCASM
240368717165375488	NOT_SARCASM
240552668429438976	SARCASM
241580606780211201	NOT_SARCASM
240355994864058368	NOT_SARCASM
240313113273040896	NOT_SARCASM
240409207143288832	SARCASM
240461959303139328	SARCASM
241446972064669696	NOT_SARCASM
240359696136040449	NOT_SARCASM
240561235697995776	NOT_SARCASM
240277327446175744	NOT_SARCASM
240473088209330176	NOT_SARCASM
241497968442748928	NOT_SARCASM
241497286918688768	NOT_SARCASM
240143908514959360	SARCASM
240160905252466688	NOT_SARCASM
240465563497947137	SARCASM
241251769127149568	NOT_SARCASM
240435045624590336	SARCASM
240243474123849729	NOT_SARCASM
241588424933511168	NOT_SARCASM
240251943547699200	NOT_SARCASM
240143373988675585	NOT_SARCASM
240150515940466688	NOT_SARCASM
240386858767482880	SARCASM
240331761823907840	SARCASM
240443564520263681	NOT_SARCASM
241522782838616065	SARCASM
240396653650141184	NOT_SARCASM
240159350084235266	NOT_SARCASM
240480130680635393	NOT_SARCASM
240252624593637376	NOT_SARCASM
240248256616083458	NOT_SARCASM
240561235689623552	NOT_SARCASM
241440412940783616	NOT_SARCASM
240508676903936000	NOT_SARCASM
240443564490899456	NOT_SARCASM
241580606780235778	NOT_SARCASM
241462713258217472	NOT_SARCASM
240143580440702976	SARCASM
240401181082546176	NOT_SARCASM
241510796784459777	NOT_SARCASM
240190094496104448	NOT_SARCASM
240392323769454592	SARCASM
241328797549477888	NOT_SARCASM
240337477787873280	SARCASM
241275611992182784	NOT_SARCASM
241238214164230144	NOT_SARCASM
241554480838082560	SARCASM
241401047661293569	NOT_SARCASM
241327794062249984	SARCASM
241520330609418240	SARCASM
241378026061971456	NOT_SARCASM
241490148079071233	NOT_SARCASM
241531831567138816	NOT_SARCASM
241351706808578048	NOT_SARCASM
240301629948182529	NOT_SARCASM
241401698751496192	NOT_SARCASM
240304200381247488	NOT_SARCASM
241462692320251904	NOT_SARCASM
240426338287243265	NOT_SARCASM
240553410858987520	NOT_SARCASM
241527574491189248	NOT_SARCASM
240141030580695040	NOT_SARCASM
240427727868538880	SARCASM
241328780772270080	NOT_SARCASM
240460996018323457	NOT_SARCASM
241328131993124864	SARCASM
241275506740322304	NOT_SARCASM
241256641796919297	NOT_SARCASM
241486935384784896	NOT_SARCASM
240351806834765824	NOT_SARCASM
240300563001114624	NOT_SARCASM
241328789148282881	NOT_SARCASM
240259140440702976	NOT_SARCASM
240218871452274689	NOT_SARCASM
241520745623203840	SARCASM
241501875478880256	NOT_SARCASM
240277335851536384	NOT_SARCASM
241472817349140480	NOT_SARCASM
241278328307343360	NOT_SARCASM
241253704030896130	NOT_SARCASM
240193219068055552	NOT_SARCASM
240436159048720385	NOT_SARCASM
240409339284815872	SARCASM
241558409806221312	NOT_SARCASM
241501871284563970	NOT_SARCASM
241244131320557568	NOT_SARCASM
240259673629028354	NOT_SARCASM
240427659694313472	NOT_SARCASM
240557487810560000	NOT_SARCASM
240381651518124032	NOT_SARCASM
240306030452543488	SARCASM
241238561792327680	NOT_SARCASM
241483832887500800	NOT_SARCASM
241313509286219777	NOT_SARCASM
241560771925012480	NOT_SARCASM
240527098249347074	NOT_SARCASM
240175129047486466	NOT_SARCASM
240486501597712385	NOT_SARCASM
240330494456233984	NOT_SARCASM
240354640267448320	SARCASM
241528903590612992	NOT_SARCASM
240307484974280704	NOT_SARCASM
241467029222223873	NOT_SARCASM
241265155114168321	SARCASM
240465084353228800	SARCASM
241548386141097984	NOT_SARCASM
241491838513590272	NOT_SARCASM
240561239883919360	NOT_SARCASM
240188687487488000	NOT_SARCASM
240142253841055744	SARCASM
240547173308194817	NOT_SARCASM
240481897078198272	SARCASM
240465764375736320	NOT_SARCASM
240299901148336128	SARCASM
240412195324837888	NOT_SARCASM
241542086262943744	NOT_SARCASM
240536615146115072	NOT_SARCASM
240182216498499584	NOT_SARCASM
240259175790284801	SARCASM
240309675919298560	NOT_SARCASM
240407104995856385	SARCASM
241480953497780224	NOT_SARCASM
240473753971204097	NOT_SARCASM
241245537930719232	NOT_SARCASM
240169841774977024	NOT_SARCASM
241437465443987457	NOT_SARCASM
240418235118403585	NOT_SARCASM
241351706825342977	NOT_SARCASM
241535346033168384	NOT_SARCASM
241468735867723776	NOT_SARCASM
240295497208840192	NOT_SARCASM
240322546275323904	NOT_SARCASM
241551954029973504	SARCASM
240193214898917376	NOT_SARCASM
240142591629357056	SARCASM
241575431000690688	NOT_SARCASM
240258723069698048	NOT_SARCASM
240251935150727169	NOT_SARCASM
240547830522064897	NOT_SARCASM
241519978057175040	SARCASM
240374109719121921	NOT_SARCASM
240436979140005889	SARCASM
240418222535483392	NOT_SARCASM
241472813142249472	NOT_SARCASM
240381827959885824	SARCASM
241340685373038593	NOT_SARCASM
240552027338461184	NOT_SARCASM
240382393675022336	SARCASM
240561841217077248	NOT_SARCASM
241263015301898240	SARCASM
241264553411870722	SARCASM
241261690996523008	NOT_SARCASM
240432663507386368	NOT_SARCASM
241432694649651200	NOT_SARCASM
241360619725549572	NOT_SARCASM
240368721338712064	NOT_SARCASM
241349166620631040	NOT_SARCASM
241560755143593985	NOT_SARCASM
240570236703764480	NOT_SARCASM
240167935841271809	NOT_SARCASM
241251785937940480	NOT_SARCASM
241447647049818112	SARCASM
240387981658165248	SARCASM
240218879832489984	NOT_SARCASM
240175141655547905	NOT_SARCASM
240218875625611264	NOT_SARCASM
241248258612133888	SARCASM
240247814263803905	NOT_SARCASM
241487840695971840	NOT_SARCASM
240553077789298688	NOT_SARCASM
240183201883119616	SARCASM
240527110870011905	NOT_SARCASM
240425671715856386	NOT_SARCASM
241491526935519232	NOT_SARCASM
241425304265052161	NOT_SARCASM
241467045974253568	NOT_SARCASM
240143357211447296	NOT_SARCASM
240553077797695488	NOT_SARCASM
240251935167508480	NOT_SARCASM
240243290782441473	SARCASM
240432671912771585	NOT_SARCASM
241486914400690176	NOT_SARCASM
240527106675716096	SARCASM
241253302518571008	NOT_SARCASM
240586388943302656	NOT_SARCASM
241416857775661057	NOT_SARCASM
240377975567179776	SARCASM
240298501739778048	SARCASM
240268590736105472	NOT_SARCASM
241305431069294592	NOT_SARCASM
241394224493367296	NOT_SARCASM
240423256484614146	SARCASM
241517241454178304	SARCASM
240159333311197184	NOT_SARCASM
241567918998044672	NOT_SARCASM
241249999126659072	NOT_SARCASM
240560087360487424	NOT_SARCASM
240486518374936577	SARCASM
240393560447414273	SARCASM
240486509998911488	NOT_SARCASM
240457502968397824	NOT_SARCASM
240443556102287360	NOT_SARCASM
241480669107216384	SARCASM
241241112252141569	SARCASM
240308514579427329	NOT_SARCASM
240318997038526464	SARCASM
241522515640471553	NOT_SARCASM
241588429144604673	NOT_SARCASM
241497291121385473	NOT_SARCASM
240544580137787392	NOT_SARCASM
240473350319783937	SARCASM
240432671895977986	NOT_SARCASM
241439576621727745	NOT_SARCASM
241560763511209984	NOT_SARCASM
240592671998095360	NOT_SARCASM
240454973010358273	NOT_SARCASM
241360623928221696	NOT_SARCASM
241528886825992192	NOT_SARCASM
241549202692390913	NOT_SARCASM
240167017452294145	SARCASM
240169793553039360	NOT_SARCASM
241447005606522880	NOT_SARCASM
241236992598372352	NOT_SARCASM
240517333947383808	NOT_SARCASM
241296513987403776	NOT_SARCASM
240331115859148800	SARCASM
241501862904336384	NOT_SARCASM
240251943518351360	NOT_SARCASM
240592667833147392	NOT_SARCASM
241409592398082048	NOT_SARCASM
240388933693865984	NOT_SARCASM
241237093488160768	SARCASM
240426673064001537	SARCASM
241263889612955648	NOT_SARCASM
241464961132552192	NOT_SARCASM
240227226505838592	NOT_SARCASM
240465764946149376	NOT_SARCASM
241546989521752064	SARCASM
241546922941358081	NOT_SARCASM
241506464068419584	NOT_SARCASM
241417335108415489	NOT_SARCASM
240356562642817024	SARCASM
241528237459664896	NOT_SARCASM
240412199498166275	NOT_SARCASM
240486501597728768	NOT_SARCASM
240364760854585344	SARCASM
240406660483522561	NOT_SARCASM
240210944217739264	NOT_SARCASM
240234868531937281	NOT_SARCASM
240277327483916288	NOT_SARCASM
240299969372901376	SARCASM
240251943530921985	NOT_SARCASM
241497758308118528	SARCASM
240234868544516096	NOT_SARCASM
240201783836803072	NOT_SARCASM
241401698717933568	NOT_SARCASM
240432659321483264	NOT_SARCASM
240438434886479873	NOT_SARCASM
240357430289133568	NOT_SARCASM
241477389937418240	NOT_SARCASM
240268578153197569	NOT_SARCASM
240315399634309120	NOT_SARCASM
240304196157583360	NOT_SARCASM
241257722580987904	SARCASM
240167023957647361	SARCASM
241403160613236737	SARCASM
240412216292151296	NOT_SARCASM
240390367747375104	SARCASM
241313492534194176	NOT_SARCASM
241248301683441664	NOT_SARCASM
240392463318126592	SARCASM
241501875504021504	NOT_SARCASM
241417330884767744	NOT_SARCASM
240412212081078272	NOT_SARCASM
240557933556015104	SARCASM
240388929516355584	NOT_SARCASM
241287601070436353	NOT_SARCASM
241460467783061506	SARCASM
240536615150292993	NOT_SARCASM
241440680612864000	NOT_SARCASM
240544584340492288	NOT_SARCASM
240449096811438082	NOT_SARCASM
241267812604211200	SARCASM
241394220282302464	NOT_SARCASM
240536615158702080	NOT_SARCASM
241344412909703170	NOT_SARCASM
240154005882433536	NOT_SARCASM
241555165184946176	SARCASM
240368733921619968	NOT_SARCASM
241386427282235392	NOT_SARCASM
241441089897254912	SARCASM
240536610960179200	NOT_SARCASM
241238673293729794	SARCASM
240570253460004864	SARCASM
240368859650093056	NOT_SARCASM
240243355127250944	SARCASM
241409596621746176	NOT_SARCASM
241412924864884736	SARCASM
240565550110081024	NOT_SARCASM
241510796784455682	NOT_SARCASM
240338908246835200	NOT_SARCASM
240493560611348482	NOT_SARCASM
241305435242631168	NOT_SARCASM
241448385117306880	NOT_SARCASM
241409584013643776	NOT_SARCASM
240415907762028545	SARCASM
241386418893635584	NOT_SARCASM
241501289140346880	NOT_SARCASM
240338908221685760	NOT_SARCASM
240295497200443392	NOT_SARCASM
241236980023824384	NOT_SARCASM
240432659300507648	NOT_SARCASM
240314662737018880	SARCASM
240300114319659008	NOT_SARCASM
240424277663428608	SARCASM
241396163109060608	SARCASM
240385572353478658	NOT_SARCASM
241446988812517376	NOT_SARCASM
241403602135035904	SARCASM
240454968841211904	NOT_SARCASM
240368708759998464	NOT_SARCASM
241328789152468992	NOT_SARCASM
240392460726067200	NOT_SARCASM
241509532872867841	NOT_SARCASM
241287596901294080	NOT_SARCASM
241484932625625090	NOT_SARCASM
240401151701446657	NOT_SARCASM
240493543842521088	NOT_SARCASM
241326303008137216	NOT_SARCASM
241360628126711809	NOT_SARCASM
240489011788005376	SARCASM
241432694653845504	NOT_SARCASM
240175129047474176	NOT_SARCASM
240493560615550976	NOT_SARCASM
241425308467740672	NOT_SARCASM
240161967141171200	SARCASM
240210948428795904	NOT_SARCASM
241535354413412353	NOT_SARCASM
241494573266915328	NOT_SARCASM
241251781731028992	NOT_SARCASM
241261631131234304	SARCASM
240305254325968896	SARCASM
240170437252882433	NOT_SARCASM
240586393125019648	NOT_SARCASM
241321667224301569	NOT_SARCASM
241321667236868097	NOT_SARCASM
240362681553543168	NOT_SARCASM
240242092964737024	SARCASM
240460991844978689	NOT_SARCASM
240553098777595904	NOT_SARCASM
240234860155920384	NOT_SARCASM
240427659727888384	NOT_SARCASM
240143369765015552	NOT_SARCASM
241519954548097024	SARCASM
240398003221958656	SARCASM
240307515118735360	NOT_SARCASM
240143357186285568	NOT_SARCASM
240295513952501760	NOT_SARCASM
241480333592231936	SARCASM
240388954665410560	NOT_SARCASM
240144208311242752	NOT_SARCASM
241329443883331584	SARCASM
240201792263168000	NOT_SARCASM
240438765989015552	SARCASM
240254962838405121	SARCASM
240184863129477121	SARCASM
240365343850250240	NOT_SARCASM
240248133047681024	SARCASM
240151065247510530	SARCASM
240544580125224960	NOT_SARCASM
240479543264149505	NOT_SARCASM
240479543247388672	NOT_SARCASM
240490157868998656	NOT_SARCASM
240183396024852481	NOT_SARCASM
241353036440674305	NOT_SARCASM
241268760256847872	NOT_SARCASM
240401176871440384	NOT_SARCASM
241498459050491905	NOT_SARCASM
240449092612927488	NOT_SARCASM
240365413127557120	NOT_SARCASM
240449105170673664	NOT_SARCASM
240427660042440704	SARCASM
240443572892082176	NOT_SARCASM
240470025620815872	NOT_SARCASM
241558161528606721	SARCASM
240350842736242689	SARCASM
241268780557295616	NOT_SARCASM
240412199506542592	NOT_SARCASM
241236992619323392	NOT_SARCASM
240438434878091264	NOT_SARCASM
240251951923724289	NOT_SARCASM
240375369784496128	NOT_SARCASM
240286408122707968	NOT_SARCASM
240144836240482305	NOT_SARCASM
241487833611776001	SARCASM
241507674733281280	NOT_SARCASM
241510796759289857	NOT_SARCASM
241522515644665856	NOT_SARCASM
241270111011491840	SARCASM
240143361388990464	NOT_SARCASM
240427564970168320	NOT_SARCASM
241269006915493889	SARCASM
240412203717627905	NOT_SARCASM
241466093305229312	NOT_SARCASM
240577970991943681	NOT_SARCASM
241287592690204672	SARCASM
240406511824818176	SARCASM
240461488417038336	SARCASM
241244122906759168	NOT_SARCASM
240426226618085376	SARCASM
241462704865415168	NOT_SARCASM
240427655504220160	NOT_SARCASM
241239215357165569	SARCASM
240394054641270784	NOT_SARCASM
241313505100316672	NOT_SARCASM
240508664316841984	NOT_SARCASM
241258786256457728	SARCASM
240493548024250368	NOT_SARCASM
240479611576791040	NOT_SARCASM
241394756427583489	SARCASM
240375097238642688	NOT_SARCASM
241560755143581696	NOT_SARCASM
240361870656147457	NOT_SARCASM
240418917015769088	NOT_SARCASM
240139883228848129	SARCASM
240473079820742656	NOT_SARCASM
241344408736395264	NOT_SARCASM
240428857654657024	SARCASM
241262922356109314	SARCASM
241249063696220160	SARCASM
241425300095922176	SARCASM
240413428404076545	SARCASM
240454171139121153	SARCASM
241531740747866113	SARCASM
240544584302731265	NOT_SARCASM
241244127130423296	NOT_SARCASM
241277077582643201	NOT_SARCASM
240383598555963392	NOT_SARCASM
241268751872430080	NOT_SARCASM
240210944209326082	NOT_SARCASM
241549014506545153	NOT_SARCASM
241485063093624832	NOT_SARCASM
240454968841232384	NOT_SARCASM
241472808960552960	NOT_SARCASM
240453856662810624	SARCASM
241488748863430657	SARCASM
241287596867727360	NOT_SARCASM
240187741172805633	NOT_SARCASM
240454973006159872	NOT_SARCASM
241246007650832384	SARCASM
241400983253573632	NOT_SARCASM
240462292913881091	SARCASM
241462047618002944	SARCASM
240141589018714112	NOT_SARCASM
241395987988508673	SARCASM
240407661072486400	SARCASM
240401164305330176	NOT_SARCASM
241432686261055488	NOT_SARCASM
240454968824438784	NOT_SARCASM
240544588518010880	NOT_SARCASM
241236988429225984	NOT_SARCASM
240143357207265280	NOT_SARCASM
241425300095893504	NOT_SARCASM
241330417125433348	NOT_SARCASM
241437999311777793	NOT_SARCASM
241268764472119296	NOT_SARCASM
241328789156659200	SARCASM
241238127610589184	NOT_SARCASM
240508685279969280	NOT_SARCASM
241481751199883264	NOT_SARCASM
241510674793127936	NOT_SARCASM
240449105204240384	NOT_SARCASM
241386418893631489	NOT_SARCASM
241244122944528384	NOT_SARCASM
240183387644628992	NOT_SARCASM
240417133048238080	SARCASM
241268756087709696	SARCASM
240449105166475264	NOT_SARCASM
241462721671995393	NOT_SARCASM
240368712945893376	NOT_SARCASM
241337062924615681	SARCASM
241529938749042688	SARCASM
241386414690938880	NOT_SARCASM
240479551635988480	SARCASM
241493189704425472	NOT_SARCASM
240401524688293889	SARCASM
241369457111474176	NOT_SARCASM
241251790111260672	NOT_SARCASM
240299566002475009	NOT_SARCASM
241262987942449152	SARCASM
240313092284747776	NOT_SARCASM
241348320382029824	NOT_SARCASM
241506455679807489	SARCASM
241432698831388672	SARCASM
241462240023302145	SARCASM
240596153287184385	NOT_SARCASM
241336594752237568	NOT_SARCASM
241395115657134081	NOT_SARCASM
241313513509892097	NOT_SARCASM
241467025023725569	NOT_SARCASM
241336590553722880	NOT_SARCASM
240500439286706176	NOT_SARCASM
241257694693031937	NOT_SARCASM
241328793346793473	NOT_SARCASM
240193210696224768	NOT_SARCASM
241327880821411840	SARCASM
240249105065058305	NOT_SARCASM
240313096474882049	NOT_SARCASM
240465648986251266	SARCASM
241495028814475264	NOT_SARCASM
241328797520113665	NOT_SARCASM
240383611122098176	NOT_SARCASM
241349175176990721	SARCASM
241548369363865600	NOT_SARCASM
240379152639881216	NOT_SARCASM
240313104863481856	NOT_SARCASM
241521010187313153	SARCASM
240394051550081024	NOT_SARCASM
240508668498550784	NOT_SARCASM
241327074143522816	NOT_SARCASM
240546317292675072	SARCASM
241242998225108993	SARCASM
240374333330055168	NOT_SARCASM
241277077574262784	NOT_SARCASM
241432690459557888	NOT_SARCASM
240166453091917824	SARCASM
240239656778735616	SARCASM
241488934176169987	SARCASM
240586397331881986	NOT_SARCASM
240561244078231552	NOT_SARCASM
241486914392322048	NOT_SARCASM
241465882319134720	NOT_SARCASM
241262481035649024	SARCASM
241575422607904768	NOT_SARCASM
241513790624133120	SARCASM
241529156695912448	NOT_SARCASM
241480967678722048	NOT_SARCASM
240401151722397696	NOT_SARCASM
241522866397515776	NOT_SARCASM
241243050133819394	SARCASM
240422810189717504	SARCASM
240398647378989056	NOT_SARCASM
241575430979723264	NOT_SARCASM
241549313224871937	NOT_SARCASM
241260363285422081	SARCASM
241248726721654784	SARCASM
240151301818839040	SARCASM
240432667718451200	NOT_SARCASM
241261905539366912	SARCASM
241516748510228480	NOT_SARCASM
241360619717144576	SARCASM
241548354557997057	NOT_SARCASM
241401537077850112	NOT_SARCASM
240286408114327552	NOT_SARCASM
240355727112286208	NOT_SARCASM
241452084908666880	SARCASM
240395061572026368	NOT_SARCASM
241240426588295170	NOT_SARCASM
241516740121612288	NOT_SARCASM
240508672692867073	NOT_SARCASM
240561235723169792	NOT_SARCASM
241396992226508800	NOT_SARCASM
241588429157195778	NOT_SARCASM
240474836433002496	NOT_SARCASM
240387420594507776	SARCASM
240304179401351168	NOT_SARCASM
241336590570512385	NOT_SARCASM
240398273943322624	SARCASM
240553077801881601	NOT_SARCASM
241313505087737858	NOT_SARCASM
240406153522184192	SARCASM
241474095353577473	NOT_SARCASM
240447103334227968	NOT_SARCASM
240160703472861184	NOT_SARCASM
240455126815498240	NOT_SARCASM
240565254680113155	SARCASM
241250637164204032	SARCASM
241538207265722368	SARCASM
240427655533568001	NOT_SARCASM
240143357198868480	NOT_SARCASM
240443560300793856	NOT_SARCASM
241240882643361792	SARCASM
241486914396495872	NOT_SARCASM
241432728199913472	NOT_SARCASM
241450179214073857	SARCASM
240577966785044481	NOT_SARCASM
240298528553979905	NOT_SARCASM
241344400326803457	NOT_SARCASM
241287596897103872	NOT_SARCASM
240332552416669696	NOT_SARCASM
241467041796734976	NOT_SARCASM
241442488668282880	NOT_SARCASM
241485203888037888	SARCASM
240140562953560065	NOT_SARCASM
241268760256856064	NOT_SARCASM
241256902368047106	SARCASM
240322344558657536	NOT_SARCASM
241501879681548288	NOT_SARCASM
241535354405015552	NOT_SARCASM
240302514677899264	NOT_SARCASM
241432973419884544	SARCASM
241417326707224577	NOT_SARCASM
240166368039796737	SARCASM
240544580125208577	NOT_SARCASM
240383581761986560	NOT_SARCASM
240388929520558080	NOT_SARCASM
241472894578868224	SARCASM
240244207858618368	NOT_SARCASM
240536610964373504	NOT_SARCASM
241413451002572802	SARCASM
240443572900478976	NOT_SARCASM
241488777242083328	SARCASM
240577975165284352	NOT_SARCASM
240302833063301120	SARCASM
241475115437658113	SARCASM
240243030655913984	NOT_SARCASM
241328789156687873	NOT_SARCASM
241556374247583744	SARCASM
240327559185829889	SARCASM
241397004197060608	SARCASM
241467037585657856	NOT_SARCASM
240553077772517376	NOT_SARCASM
240357434466660352	NOT_SARCASM
241246290984464384	SARCASM
241468856063913984	NOT_SARCASM
241462709084889088	NOT_SARCASM
241271680037703680	SARCASM
240259673654181888	NOT_SARCASM
241588416553304064	NOT_SARCASM
240551288629256192	SARCASM
241402936876490752	NOT_SARCASM
241328789148270592	NOT_SARCASM
240357447066337280	NOT_SARCASM
240180358400839680	SARCASM
240418226721406978	NOT_SARCASM
241467025032114176	NOT_SARCASM
241452068118880256	NOT_SARCASM
241522456861478912	SARCASM
241508174379753473	SARCASM
241394232869408768	NOT_SARCASM
240432655110389760	NOT_SARCASM
240592667828944896	NOT_SARCASM
240477837344256001	NOT_SARCASM
241268764446957568	NOT_SARCASM
241497278538461186	NOT_SARCASM
241494131543777280	SARCASM
241405834968592384	SARCASM
241244127126233089	NOT_SARCASM
240201783845208064	SARCASM
241328039043145728	NOT_SARCASM
241260367462936577	NOT_SARCASM
240508681089843200	NOT_SARCASM
241465712814723073	SARCASM
240184904015572992	SARCASM
240383107285524480	NOT_SARCASM
240423260158820352	SARCASM
240395495799926785	NOT_SARCASM
241550858502930432	SARCASM
240544584302731266	NOT_SARCASM
241448648901287936	NOT_SARCASM
240144030325936128	NOT_SARCASM
241296513978998784	NOT_SARCASM
241533456876711936	SARCASM
240367077565800448	SARCASM
241413043194585088	SARCASM
241268747678146560	NOT_SARCASM
241487819615399937	SARCASM
240298259950731264	SARCASM
241255984209735681	NOT_SARCASM
241464240878256128	NOT_SARCASM
240380972351225856	SARCASM
241453457897304064	NOT_SARCASM
240306007262261249	SARCASM
241467033420697600	NOT_SARCASM
241401690329333760	NOT_SARCASM
240457738507939840	SARCASM
241236980007047168	NOT_SARCASM
240407204862251008	NOT_SARCASM
241528903603216384	NOT_SARCASM
241452494985764864	NOT_SARCASM
240418230932500480	NOT_SARCASM
241548386115928064	NOT_SARCASM
241472804770435072	NOT_SARCASM
240201788043714560	NOT_SARCASM
240357442880425984	NOT_SARCASM
241268764459556864	NOT_SARCASM
240397707699695616	NOT_SARCASM
240188552447668227	NOT_SARCASM
240193210704617472	NOT_SARCASM
240438997535559680	SARCASM
241462688100790272	NOT_SARCASM
241329970163613697	NOT_SARCASM
241512356981645312	SARCASM
241541420282945536	SARCASM
240304200385458176	NOT_SARCASM
240406595899629569	NOT_SARCASM
241575426802208768	NOT_SARCASM
240443572904656896	NOT_SARCASM
241344417133375488	NOT_SARCASM
241510690328813568	SARCASM
241443713170157568	NOT_SARCASM
241560763515412481	NOT_SARCASM
240477925915365376	NOT_SARCASM
240299598315397120	SARCASM
240401932286570497	SARCASM
241328797524295680	NOT_SARCASM
240152907046088705	NOT_SARCASM
240218867257995265	NOT_SARCASM
240158046150615041	NOT_SARCASM
240188104911228928	NOT_SARCASM
240383611143069696	NOT_SARCASM
240388950475292672	NOT_SARCASM
241394220286484480	NOT_SARCASM
241269135747735552	SARCASM
241537045942644736	NOT_SARCASM
240160143453609985	NOT_SARCASM
240544592716525568	NOT_SARCASM
241432694649663488	NOT_SARCASM
241497282745348098	NOT_SARCASM
241244122927734784	NOT_SARCASM
240176218727669763	SARCASM
241313505087737857	NOT_SARCASM
241531124923383808	SARCASM
241394220273905665	NOT_SARCASM
241452220455985152	NOT_SARCASM
241432715608588288	NOT_SARCASM
240395943940341761	SARCASM
240472477980053504	SARCASM
241519158897033218	SARCASM
241501995716968448	NOT_SARCASM
240454968816041984	NOT_SARCASM
240564887422631936	SARCASM
241347905603108864	NOT_SARCASM
240456736266387456	NOT_SARCASM
241336441169403904	NOT_SARCASM
240418230919913472	NOT_SARCASM
240381294457016320	NOT_SARCASM
241417339306926080	NOT_SARCASM
241425316873109504	NOT_SARCASM
240474985213341697	SARCASM
241277064974565376	NOT_SARCASM
240392425594572801	NOT_SARCASM
241251777511555072	NOT_SARCASM
241313500922793985	NOT_SARCASM
240307711768662016	SARCASM
241477327249354752	NOT_SARCASM
241313509286232064	NOT_SARCASM
241246333900574721	SARCASM
241296522380193792	NOT_SARCASM
240307909316202496	SARCASM
240553558381043714	NOT_SARCASM
240251943551893504	NOT_SARCASM
241501879702528000	NOT_SARCASM
240380209541570560	NOT_SARCASM
240159345898315777	NOT_SARCASM
240201792238010370	NOT_SARCASM
240455283686649856	SARCASM
241491412913377280	SARCASM
241476638641115136	NOT_SARCASM
241336594756423680	NOT_SARCASM
241432723980431361	NOT_SARCASM
241452068139827200	NOT_SARCASM
241446988837707776	NOT_SARCASM
241440085021704192	NOT_SARCASM
240592676217556993	NOT_SARCASM
240255139695427585	NOT_SARCASM
241473465708863489	NOT_SARCASM
240177043344605184	SARCASM
241528890986741760	NOT_SARCASM
241475767647739905	NOT_SARCASM
241402779099336704	SARCASM
240404987967057920	NOT_SARCASM
241333741383995392	NOT_SARCASM
241257399695052802	SARCASM
240368733925814272	NOT_SARCASM
241259136690573312	NOT_SARCASM
241346641842565120	NOT_SARCASM
241560767692931073	NOT_SARCASM
241351706821136386	NOT_SARCASM
240449105200037889	NOT_SARCASM
240577966780854273	NOT_SARCASM
240395074159132672	NOT_SARCASM
240464970779877376	NOT_SARCASM
240143378174582785	NOT_SARCASM
241467029209628672	NOT_SARCASM
240201792250605569	NOT_SARCASM
241548369342894081	NOT_SARCASM
241313505087725568	NOT_SARCASM
241343849161687041	SARCASM
241386431459774464	NOT_SARCASM
241352356439146496	SARCASM
240189767633993728	NOT_SARCASM
241386414669959168	NOT_SARCASM
240386239314931712	SARCASM
241339465493274624	NOT_SARCASM
240559068870234113	NOT_SARCASM
241542090478194688	NOT_SARCASM
241327846021287936	SARCASM
240253812974174210	SARCASM
240159509954326530	SARCASM
241541320487866369	SARCASM
241238273714958336	NOT_SARCASM
240403836035010560	SARCASM
241485770572038144	SARCASM
240493543817359360	NOT_SARCASM
241268747703287808	NOT_SARCASM
241405026835259393	SARCASM
240380235638521856	SARCASM
240304179405520896	NOT_SARCASM
240416588103286784	SARCASM
241512828098473984	SARCASM
241486922785112064	NOT_SARCASM
240218867245400064	NOT_SARCASM
240243118702743553	NOT_SARCASM
241501937302904832	NOT_SARCASM
240422585073012738	NOT_SARCASM
240175133258563584	NOT_SARCASM
240241760561946624	NOT_SARCASM
241243061827543041	NOT_SARCASM
240250143826382848	SARCASM
241313496724299776	NOT_SARCASM
241432715600203777	NOT_SARCASM
240401164296921088	NOT_SARCASM
240461579240501248	SARCASM
241243068416790528	NOT_SARCASM
240403393720512512	SARCASM
240454544599949313	SARCASM
240234876903776257	NOT_SARCASM
241241943965835265	SARCASM
241313513472147456	NOT_SARCASM
240444698743959552	SARCASM
240486497403432961	NOT_SARCASM
240577979376365569	NOT_SARCASM
240384097145475072	SARCASM
240304196182761472	NOT_SARCASM
240544580121014273	NOT_SARCASM
241321646256959489	NOT_SARCASM
240427715616972801	SARCASM
241268768653840384	NOT_SARCASM
240596149097082880	NOT_SARCASM
241511364605136896	NOT_SARCASM
240401181086728192	NOT_SARCASM
240508668502749184	NOT_SARCASM
240193206493515776	NOT_SARCASM
241251769152327680	NOT_SARCASM
241239516713738240	SARCASM
240577970991927296	NOT_SARCASM
240251943547727872	NOT_SARCASM
241567906431913984	NOT_SARCASM
240460996022521856	SARCASM
240553077801906179	NOT_SARCASM
240317821119238144	SARCASM
240295505563893760	NOT_SARCASM
241567923204939776	NOT_SARCASM
241481408583958528	NOT_SARCASM
240336404192833539	SARCASM
241329960764198913	SARCASM
241453672675041280	NOT_SARCASM
240596153299783680	NOT_SARCASM
240159158899470336	NOT_SARCASM
241296513962237954	NOT_SARCASM
241474446597173248	SARCASM
240488134280896513	NOT_SARCASM
241287596867743744	NOT_SARCASM
240331730844807168	SARCASM
241488346692612096	SARCASM
240340591181971456	SARCASM
241538565534801920	NOT_SARCASM
240565005412601856	SARCASM
241462692320260096	NOT_SARCASM
241394220282294273	NOT_SARCASM
240486510003093504	NOT_SARCASM
240234860143341568	NOT_SARCASM
240433284117569536	SARCASM
241567923175555073	NOT_SARCASM
240561235689607169	NOT_SARCASM
240330502865838081	NOT_SARCASM
241432711414288384	NOT_SARCASM
241236988416638976	NOT_SARCASM
240443564511854592	NOT_SARCASM
240368040296992768	SARCASM
240304200360271873	NOT_SARCASM
241260342280347648	NOT_SARCASM
241486060138405890	NOT_SARCASM
241394818692026368	SARCASM
240143365583282177	NOT_SARCASM
241401698747285504	NOT_SARCASM
241263153541967872	NOT_SARCASM
240242917938188288	SARCASM
240577966768271360	NOT_SARCASM
240406306199064576	NOT_SARCASM
240332836631113728	NOT_SARCASM
240388954677985280	NOT_SARCASM
240251943518359552	NOT_SARCASM
241446997222109184	NOT_SARCASM
241418940893515776	NOT_SARCASM
241560759329497088	NOT_SARCASM
241236980040626176	NOT_SARCASM
241241821039185920	NOT_SARCASM
240493548041023488	NOT_SARCASM
241251781722644481	NOT_SARCASM
241265533671063552	NOT_SARCASM
241248960315006976	SARCASM
240508676887175169	NOT_SARCASM
241560755147767808	NOT_SARCASM
241378013508419584	NOT_SARCASM
241276317763518464	SARCASM
241501871297142784	NOT_SARCASM
241560759325323264	NOT_SARCASM
240550273171480576	NOT_SARCASM
241394224493363200	NOT_SARCASM
241351706821160960	NOT_SARCASM
241513150090985474	SARCASM
240259677835907072	NOT_SARCASM
240255403219353600	NOT_SARCASM
240245618872827904	SARCASM
241247039478972416	NOT_SARCASM
241535346033172480	NOT_SARCASM
240586397344489472	NOT_SARCASM
240201779642503168	NOT_SARCASM
240427663888637952	NOT_SARCASM
240359713194254336	NOT_SARCASM
241335460054585344	SARCASM
241460443242168320	SARCASM
241501875478859776	NOT_SARCASM
240295513969262592	NOT_SARCASM
241425321067413504	NOT_SARCASM
240401151697252352	NOT_SARCASM
241495508978393088	SARCASM
240362677359230976	NOT_SARCASM
240435125832269824	SARCASM
240464467278843904	SARCASM
241462700704661504	NOT_SARCASM
240460304922849280	SARCASM
241510797933682689	NOT_SARCASM
240395057377714179	NOT_SARCASM
241535346024800256	NOT_SARCASM
241344404525289473	NOT_SARCASM
240423070312046593	NOT_SARCASM
241328789160865792	NOT_SARCASM
240586388943294464	NOT_SARCASM
240193219097399296	NOT_SARCASM
240544596902432768	NOT_SARCASM
240552112625434624	NOT_SARCASM
241401694527840257	NOT_SARCASM
240415484762263552	SARCASM
240577979355373570	NOT_SARCASM
241440101777952768	NOT_SARCASM
241450745130532864	SARCASM
240489711456624641	SARCASM
240346021790638080	NOT_SARCASM
240558888754241537	SARCASM
240277327462932480	NOT_SARCASM
241495192904024064	SARCASM
240556813572009985	NOT_SARCASM
240201783874564098	NOT_SARCASM
240500447666917376	NOT_SARCASM
240183370854825986	NOT_SARCASM
241401694548795393	NOT_SARCASM
240398459373514753	SARCASM
240426491152846848	SARCASM
241420586256056320	NOT_SARCASM
240360089880506368	NOT_SARCASM
240310224425205760	SARCASM
240357413516099584	NOT_SARCASM
241509851077947392	SARCASM
241497579970514944	SARCASM
240465764941979648	NOT_SARCASM
241464092278276096	SARCASM
241529232583438336	SARCASM
241260346508201984	NOT_SARCASM
240313109057789952	NOT_SARCASM
241440085004926976	NOT_SARCASM
241346648415010817	SARCASM
241477662961446912	SARCASM
240517350703640576	NOT_SARCASM
240334417518804992	NOT_SARCASM
240244283138011137	NOT_SARCASM
240193206522888192	NOT_SARCASM
240427651301527552	NOT_SARCASM
240342398834724864	NOT_SARCASM
240338933387505664	NOT_SARCASM
241241073723244544	NOT_SARCASM
240547518151278594	NOT_SARCASM
241510796771852288	NOT_SARCASM
240286403945185280	NOT_SARCASM
241528225967255552	NOT_SARCASM
240412216292167681	NOT_SARCASM
241265570228613120	NOT_SARCASM
241422774680309761	SARCASM
240330498646355968	NOT_SARCASM
240473067242004480	NOT_SARCASM
240362677338247169	NOT_SARCASM
241405050210103296	SARCASM
240333632504467456	NOT_SARCASM
240328969637986304	SARCASM
241519837279563776	NOT_SARCASM
240239929706299392	SARCASM
241467029197045761	NOT_SARCASM
240472582053298177	NOT_SARCASM
241334350120091648	NOT_SARCASM
240251935163297792	NOT_SARCASM
241251785904357377	NOT_SARCASM
240455426670473217	NOT_SARCASM
241360628097372160	NOT_SARCASM
241446997226295296	NOT_SARCASM
241432690459561984	NOT_SARCASM
240561244095008768	NOT_SARCASM
240259665240403968	NOT_SARCASM
241248158653501441	NOT_SARCASM
240547138138951681	NOT_SARCASM
241548386141093888	NOT_SARCASM
241539827533770753	SARCASM
240175150031577088	NOT_SARCASM
241528891003518976	NOT_SARCASM
240461573007740930	SARCASM
241277085979668480	NOT_SARCASM
240259665269751809	NOT_SARCASM
240172770162528257	SARCASM
241546805605703680	NOT_SARCASM
241452063928770560	NOT_SARCASM
240412203688263680	NOT_SARCASM
240404727278477312	NOT_SARCASM
241369457111486464	NOT_SARCASM
241539898543333376	SARCASM
240577979355385857	NOT_SARCASM
241378017673363456	NOT_SARCASM
241549964025659392	NOT_SARCASM
240432655110389761	NOT_SARCASM
241257028998275072	SARCASM
241531294964666368	SARCASM
240412212089466880	NOT_SARCASM
240493543838326784	NOT_SARCASM
240358872706076673	NOT_SARCASM
241394879446523904	NOT_SARCASM
241348259149393921	NOT_SARCASM
241497286927085570	NOT_SARCASM
240536610951819266	NOT_SARCASM
240454655598026754	NOT_SARCASM
240479543268360192	NOT_SARCASM
241328137726750722	NOT_SARCASM
241501466102226944	SARCASM
241250053694578689	SARCASM
240309225610424321	NOT_SARCASM
240493543846723584	NOT_SARCASM
240465764941975553	NOT_SARCASM
241535346045771776	NOT_SARCASM
240313100685938689	NOT_SARCASM
241539874459635712	SARCASM
241239800554848257	SARCASM
240295518146805760	NOT_SARCASM
241481673810792448	SARCASM
241588424962887680	NOT_SARCASM
240592667828969473	NOT_SARCASM
241251043357384704	NOT_SARCASM
240424677414150144	SARCASM
240438451638501376	NOT_SARCASM
241510805181456385	NOT_SARCASM
241378026074550272	NOT_SARCASM
241491842703691777	NOT_SARCASM
240331413835087872	SARCASM
241409584026247168	NOT_SARCASM
240460074647183361	SARCASM
240295513965080576	NOT_SARCASM
240295497204654080	NOT_SARCASM
240253395208916992	SARCASM
240547702700638208	SARCASM
240304179397156864	NOT_SARCASM
240473067258798080	NOT_SARCASM
240427655533568000	NOT_SARCASM
241432703008899073	NOT_SARCASM
240330507034963969	NOT_SARCASM
241251773355028480	NOT_SARCASM
241342760764993536	SARCASM
241522702245060609	NOT_SARCASM
240435592033361920	NOT_SARCASM
241555883849564161	NOT_SARCASM
241417330909933568	NOT_SARCASM
241499817820426240	NOT_SARCASM
241336596857757696	NOT_SARCASM
241462692303499264	NOT_SARCASM
240251935133954049	NOT_SARCASM
240517342335991808	NOT_SARCASM
240402136519806977	NOT_SARCASM
241470669341208577	NOT_SARCASM
240395074146549760	NOT_SARCASM
241396538402811905	SARCASM
241243043095777281	SARCASM
240412212076900352	NOT_SARCASM
240299351782604801	SARCASM
240277335855726592	NOT_SARCASM
241457010028212224	SARCASM
240183391838949377	NOT_SARCASM
241404200666419201	NOT_SARCASM
240486518362349568	NOT_SARCASM
240286408147886080	NOT_SARCASM
240381716542406656	SARCASM
241396637153505281	SARCASM
240449096777871360	NOT_SARCASM
241481747009794048	NOT_SARCASM
240418235114213376	NOT_SARCASM
241335224309538816	SARCASM
240557113544429568	SARCASM
241489190133563393	SARCASM
240577966785056770	NOT_SARCASM
240142567176552448	SARCASM
241346405732589569	SARCASM
241497282711785472	NOT_SARCASM
240391644891987969	NOT_SARCASM
240536610935029760	NOT_SARCASM
240243622203756544	NOT_SARCASM
241378013479043072	NOT_SARCASM
241344400339382272	NOT_SARCASM
241580606771830784	NOT_SARCASM
241529507113234432	NOT_SARCASM
241575426814791680	NOT_SARCASM
241528899371143168	NOT_SARCASM
240435074271674368	SARCASM
240517329753104384	NOT_SARCASM
241236996817817600	NOT_SARCASM
240398668983844865	SARCASM
241486939566510081	NOT_SARCASM
241260342301319169	NOT_SARCASM
240169720937066497	SARCASM
240358887654576128	SARCASM
241468849222995968	SARCASM
240368712966881281	NOT_SARCASM
241348797349896193	NOT_SARCASM
240427642933899264	NOT_SARCASM
240241878883237888	SARCASM
241532815940939776	NOT_SARCASM
241403501555630080	SARCASM
